p_Pa,pressure_ratio_local,T_is_K,rho_is_kg_m3,h_is_J_kg,a_is_m_s,c_is_m_s,Ma_is,T_act_K,rho_act_kg_m3,h_act_J_kg,s_act_J_kgK,a_act_m_s,c_act_m_s,Ma_act
2500000.0,5.2631578947368425,423.15000000104385,152.2000505632256,492784.4857956293,111.33486433892622,0.0,0.0,423.15000000115595,152.2000505629978,492784.4857956293,1792.1748252677228,111.33486433906424,0.0,0.0
2494924.812030075,5.252473288484369,423.02919571365896,151.79084257440132,492751.09537207027,111.3978880557203,8.171954714598153,0.07335825532446906,423.02919571376276,151.79084257419166,492751.09537207027,1792.1748252674442,111.39788805584783,8.171954714598153,0.07335825532438509
2489849.6240601502,5.2417886822318955,422.9082799855185,151.3820979852735,492717.6148619435,111.46108617075235,11.564681755713178,0.10375532980179926,422.9082799856146,151.38209798508052,492717.6148619435,1792.1748252671864,111.46108617087009,11.564681755713178,0.10375532980168967
2484774.4360902254,5.231104075979422,422.7872526601577,150.97381728394302,492684.0438807881,111.52445800795469,14.17334916037161,0.1270873619431593,422.7872526602467,150.97381728376538,492684.0438807881,1792.1748252669438,111.52445800806349,14.17334916037161,0.12708736194303533
2479699.248120301,5.2204194697269495,422.6661135772165,150.56600094882555,492650.3820419628,111.58800288769912,16.377041981760414,0.14676346522880312,422.66611357729903,150.5660009486614,492650.3820419628,1792.1748252667187,111.58800288780009,16.377041981760414,0.14676346522867034
2474624.060150376,5.209734863474476,422.54486257240603,150.15864944867164,492616.6289566246,111.65172012683614,18.322490953709927,0.164103973793647,422.5448625724823,150.1586494485211,492616.6289566246,1792.1748252665066,111.65172012692902,18.322490953709927,0.1641039737935105
2469548.872180451,5.1990502572220025,422.4234994774785,149.751763242581,492582.7842337134,111.71560903873967,20.084897823269237,0.1797859582567767,422.42349947754906,149.75176324244228,492582.7842337134,1792.1748252663099,111.71560903882559,20.084897823269237,0.17978595825663843
2464473.6842105263,5.188365650969529,422.30202412019514,149.3453427800175,492548.8474799332,111.77966893335164,21.708906654450125,0.19421158482222745,422.3020241202606,149.3453427798899,492548.8474799332,1792.1748252661257,111.77966893343084,21.708906654450125,0.19421158482208983
2459398.4962406014,5.177681044717056,422.1804363242959,148.93938850082628,492514.8182997339,111.84389911722637,23.223586900609114,0.2076428583401576,422.1804363243565,148.93938850070907,492514.8182997339,1792.174825265953,111.84389911729936,23.223586900609114,0.2076428583400221
2454323.3082706765,5.166996438464582,422.05873590946703,148.53390083525127,492480.696295294,111.9082988935754,24.649117578729243,0.22026174843539092,422.0587359095231,148.5339008351433,492480.696295294,1792.1748252657915,111.90829889364295,24.649117578729243,0.22026174843525798
2449248.120300752,5.1563118322121095,421.9369226913103,148.12888020395224,492446.48106650036,111.9728675623136,26.00018182623453,0.23220073212615788,421.93692269136227,148.1288802038525,492446.48106650036,1792.1748252656407,111.97286756237627,26.00018182623453,0.2322007321260279
2444172.932330827,5.145627225959636,421.8149964813116,147.72432701802379,492412.1722109314,112.0376044201046,27.28785748524644,0.2435598085703961,421.8149964813596,147.72432701793218,492412.1722109314,1792.1748252655,112.03760442016234,27.28785748524644,0.2435598085702706
2439097.7443609023,5.134942619707163,421.6929570868089,147.32024167901523,492377.7693238367,112.10250876040617,28.520745788364923,0.25441665939271335,421.6929570868533,147.3202416789312,492377.7693238367,1792.1748252653679,112.10250876045923,28.520745788364923,0.25441665939259295
2434022.5563909775,5.124258013454689,421.57080431096176,146.91662457894998,492343.27199811913,112.16757987351748,29.70568281928075,0.26483305472737756,421.5708043110029,146.91662457887253,492343.27199811913,1792.1748252652453,112.16757987356654,29.70568281928075,0.26483305472726176
2428947.3684210526,5.113573407202216,421.44853795271865,146.51347610034549,492308.6798243142,112.23281704662637,30.848208041466272,0.27485907289176026,421.44853795275674,146.51347610027452,492308.6798243142,1792.17482526513,112.23281704667134,30.848208041466272,0.2748590728916501
2423872.1804511277,5.102888800949742,421.32615780678617,146.11079661623532,492273.9923905715,112.29821956385537,31.95288417115042,0.28453598191716006,421.32615780682147,146.11079661616998,492273.9923905715,1792.1748252650216,112.29821956389702,31.95288417115042,0.2845359819170545
2418796.992481203,5.092204194697269,421.2036636635977,145.70858649018868,492239.2092826353,112.3637867063115,33.023522264097906,0.2938982676902163,421.2036636636303,145.7085864901287,492239.2092826353,1792.1748252649218,112.36378670634977,33.023522264097906,0.29389826769011623
2413721.8045112784,5.081519588444797,421.0810553092804,145.30684607633575,492204.3300838234,112.42951775213155,34.06334423322453,0.3029750986597888,421.08105530931056,145.30684607628052,492204.3300838234,1792.1748252648276,112.429517752167,34.06334423322453,0.3029750986596932
2408646.6165413535,5.0708349821923235,420.9583325256251,144.90557571938731,492169.3543750089,112.49541197653281,35.07510282208985,0.3117914073634107,420.958332525653,144.90557571933638,492169.3543750089,1792.1748252647396,112.49541197656559,35.07510282208985,0.31179140736331984
2403571.4285714286,5.06015037593985,420.8354950900528,144.50477575466226,492134.28173459653,112.56146865185842,36.06117190004946,0.3203687046015997,420.8354950900785,144.5047757546155,492134.28173459653,1792.1748252646569,112.56146865188873,36.06117190004946,0.32036870460151345
2398496.2406015038,5.049465769687377,420.7125427755848,144.10444650810652,492099.1117385075,112.62768704763035,37.023615584960616,0.32872570284874353,420.71254277560877,144.10444650806338,492099.1117385075,1792.1748252645802,112.62768704765833,37.023615584960616,0.32872570284866187
2393421.052631579,5.038781163434903,420.5894753508087,143.7045882963235,492063.84396015183,112.69406643059358,37.96424196127603,0.3368788008431445,420.58947535083075,143.70458829628356,492063.84396015183,1792.1748252645084,112.69406643061969,37.96424196127603,0.3368788008430665
2388345.864661654,5.02809655718243,420.4662925798476,143.30520142659407,492028.47797041363,112.76060606477019,38.88464539083153,0.34484246535971985,420.4662925798681,143.30520142655737,492028.47797041363,1792.174825264441,112.76060606479419,38.88464539083153,0.34484246535964647
2383270.676691729,5.017411950929956,420.342994222328,142.90628619690585,491993.0133376263,112.82730521150512,39.786240243900714,0.3526295356369432,420.3429942223469,142.90628619687274,491993.0133376263,1792.174825264378,112.82730521152676,39.786240243900714,0.3526295356368756
2378195.4887218047,5.006727344677484,420.2195800333465,142.5078428959791,491957.44962755137,112.89416312951745,40.670288084733855,0.360251468785636,420.21958003336397,142.5078428959482,491957.44962755137,1792.1748252643195,112.89416312953796,40.670288084733855,0.36025146878557057
2373120.30075188,4.99604273842501,420.0960497634388,142.1098718032917,491921.78640335856,112.96117907495108,41.53791979963427,0.3677185395884843,420.0960497634551,142.1098718032635,491921.78640335856,1792.1748252642644,112.96117907496968,41.53791979963427,0.36771853958842377
2368045.112781955,4.985358132172537,419.97240315854674,141.71237318910926,491886.0232256021,113.02835230142291,42.39015377176349,0.3750400046416481,419.97240315856203,141.71237318908294,491886.0232256021,1792.1748252642142,113.02835230144031,42.39015377176349,0.3750400046415904
2362969.92481203,4.974673525920063,419.8486399599851,141.31534731451265,491850.15965219855,113.09568206007378,43.22791093264722,0.38222423831959884,419.8486399599991,141.31534731448838,491850.15965219855,1792.1748252641657,113.09568206008993,43.22791093264722,0.3822242383195443
2357894.736842105,4.96398891966759,419.7247599044101,140.91879443142486,491814.1952384059,113.16316759962004,44.052027322090225,0.3892788462580835,419.72475990442297,140.918794431403,491814.1952384059,1792.1748252641203,113.16316759963455,44.052027322090225,0.3892788462580336
2352819.5488721803,4.953304313415116,419.6007627237858,140.52271478264277,491778.12953679997,113.23080816640211,44.863264642667694,0.39621076073869743,419.6007627237977,140.52271478262267,491778.12953679997,1792.1748252640784,113.23080816641558,44.863264642667694,0.3962107607386503
2347744.3609022554,4.942619707162643,419.4766481453514,140.12710860186527,491741.9620972506,113.29860300443636,45.66231918657582,0.4030263213818078,419.4766481453623,140.1271086018467,491741.9620972506,1792.1748252640384,113.29860300444889,45.66231918657582,0.4030263213817632
2342669.172932331,4.93193510091017,419.35241589158824,139.73197611372376,491705.6924669008,113.3665513554655,46.44982943129476,0.40973134382159515,419.3524158915984,139.73197611370648,491705.6924669008,1792.1748252640018,113.36655135547718,46.44982943129476,0.4097313438215529
2337593.984962406,4.921250494657697,419.22806568018655,139.33731753381343,491669.32019014045,113.43465245900855,47.22638253896936,0.4163311784821255,419.228065680196,139.33731753379763,491669.32019014045,1792.174825263968,113.43465245901918,47.22638253896936,0.41633117848208645
2332518.796992481,4.910565888405223,419.103597224012,138.94313306872505,491632.84480858553,113.50290555241176,47.99251994662198,0.4228307611425919,419.1035972240207,138.94313306871044,491632.84480858553,1792.1748252639352,113.50290555242172,47.99251994662198,0.42283076114255475
2327443.6090225563,4.89988128215275,418.9790102310724,138.5494229160756,491596.2658610519,113.57130987090004,48.74874219807266,0.42923465665304766,418.97901023108034,138.5494229160622,491596.2658610519,1792.1748252639047,113.57130987090918,48.74874219807266,0.42923465665301314
2322368.4210526315,4.889196675900277,418.8543044044835,138.1561872645409,491559.58288353245,113.63986464762736,49.49551313940565,0.435547096900199,418.8543044044909,138.15618726452854,491559.58288353245,1792.1748252638765,113.63986464763582,49.49551313940565,0.4355470969001666
2317293.2330827066,4.878512069647804,418.72947944243583,137.76342629388958,491522.7954091721,113.70856911372665,50.23326357757206,0.4417720139221065,418.72947944244265,137.7634262938783,491522.7954091721,1792.1748252638504,113.70856911373443,50.23326357757206,0.4417720139220763
2312218.045112782,4.867827463395331,418.6045350381569,137.37114017502012,491485.90296823886,113.7774224983579,50.96239448377841,0.4479130689088508,418.6045350381633,137.37114017500951,491485.90296823886,1792.1748252638154,113.77742249836517,50.96239448377841,0.44791306890882215
2307142.8571428573,4.857142857142858,418.4794708798895,136.9793290699759,491448.9050881164,113.84642402877125,51.68327980851397,0.45397367769278885,418.4794708798954,136.97932906996635,491448.9050881164,1792.1748252637935,113.84642402877782,51.68327980851397,0.45397367769276264
2302067.6691729324,4.846458250890384,418.35428665083873,136.58799313200853,491411.8012932521,113.9155729303381,52.39626896539284,0.45995703324456194,418.3542866508442,136.58799313199987,491411.8012932521,1792.1748252637722,113.9155729303441,52.39626896539284,0.45995703324453774
2296992.4812030075,4.835773644637911,418.22898202914996,136.19713250559275,491374.59110514965,113.98486842661461,53.10168902868038,0.46586612558024004,418.2289820291551,136.19713250558465,491374.59110514965,1792.1748252637524,113.98486842662014,53.10168902868038,0.46586612558021745
2291917.2932330826,4.825089038385437,418.1035566878701,135.8067473264674,491337.27404233813,114.05430973938772,53.799846684927566,0.4717037594445958,418.10355668787474,135.8067473264602,491337.27404233813,1792.1748252637342,114.05430973939268,53.799846684927566,0.4717037594445753
2286842.1052631577,4.814404432132964,417.97801029491313,135.41683772167076,491299.84962034645,114.12389608872569,54.49102997104281,0.4774725700626163,417.97801029491757,135.41683772166363,491299.84962034645,1792.1748252637174,114.12389608873077,54.49102997104281,0.47747257006259497
2281766.917293233,4.80371982588049,417.8523425130247,135.0274038095759,491262.31735167676,114.19362669302822,55.175509826774274,0.48317503721197486,417.85234251302865,135.02740380956962,491262.31735167676,1792.1748252637003,114.19362669303278,55.175509826774274,0.48317503721195554
2276691.7293233084,4.793035219628018,417.72655299974633,134.638445699928,491224.6767457782,114.26350076907563,55.85354148522377,0.4888134978299214,417.72655299975,134.63844569992222,491224.6767457782,1792.1748252636858,114.26350076907977,55.85354148522377,0.4888134978299037
2271616.5413533836,4.782350613375544,417.60064140737927,134.24996349388226,491186.9273090182,114.3335175320769,56.525365721608175,0.49439015733728015,417.6006414073827,134.24996349387715,491186.9273090182,1792.1748252636712,114.3335175320805,56.525365721608175,0.49439015733726455
2266541.3533834587,4.771666007123071,417.47460738294905,133.86195728403996,491149.06854465726,114.40367619572007,57.19120997743846,0.4999070998347694,417.4746073829521,133.8619572840352,491149.06854465726,1792.1748252636578,114.40367619572349,57.19120997743846,0.4999070998347544
2261466.165413534,4.760981400870597,417.3484505681687,133.4744271544857,491111.0999528207,114.47397597222184,57.851289375057156,0.5053662973066936,417.34845056817164,133.47442715448148,491111.0999528207,1792.174825263646,114.47397597222478,57.851289375057156,0.5053662973066806
2256390.977443609,4.750296794618124,417.2221705994018,133.0873731808285,491073.0210304696,114.54441607237263,58.50580763530004,0.5107696179474546,417.22217059940465,133.08737318082416,491073.0210304696,1792.174825263635,114.5444160723758,58.50580763530004,0.5107696179474404
2251315.789473684,4.73961218836565,417.09576710762565,132.70079543023755,491034.8312713732,114.6149957055879,59.1549579093044,0.516118833710521,417.09576710762815,132.70079543023397,491034.8312713732,1792.174825263623,114.61499570559046,59.1549579093044,0.5161188337105095
2246240.6015037596,4.728927582113178,416.96923971839504,132.31469396148216,490996.5301660819,114.68571407995452,59.79892353407508,0.5214156271668287,416.9692397183975,132.31469396147853,490996.5301660819,1792.1748252636135,114.68571407995715,59.79892353407508,0.5214156271668167
2241165.4135338347,4.718242975860704,416.84258805180286,131.9290688249719,490958.11720189574,114.75657040227738,60.43787872027351,0.5266615977491264,416.842588051805,131.92906882496862,490958.11720189574,1792.1748252636037,114.75657040227986,60.43787872027351,0.5266615977491149
2236090.22556391,4.707558369608232,416.7158117224434,131.54392006279562,490919.59186283697,114.82756387812748,61.07198917936143,0.5318582674468331,416.71581172244555,131.54392006279252,490919.59186283697,1792.174825263595,114.8275638781297,61.07198917936143,0.5318582674468227
2231015.037593985,4.696873763355758,416.5889103393739,131.1592477087619,490880.9536296192,114.89869371188703,61.701412696627614,0.5370070860104496,416.58891033937573,131.15924770875918,490880.9536296192,1792.1748252635857,114.89869371188905,61.701412696627614,0.5370070860104401
2225939.84962406,4.686189157103285,416.4618835060762,130.7750517884389,490842.20197961986,114.96995910679699,62.3262996555889,0.542109435715231,416.4618835060779,130.77505178843637,490842.20197961986,1792.1748252635784,114.96995910679887,62.3262996555889,0.5421094357152221
2220864.661654135,4.675504550850811,416.3347308204169,130.39133231919618,490803.33638684644,115.04135926500105,62.94679351885292,0.5471666357301394,416.3347308204185,130.39133231919388,490803.33638684644,1792.1748252635712,115.04135926500274,62.94679351885292,0.5471666357301314
2215789.4736842103,4.664819944598338,416.20745187460955,130.00808931024497,490764.35632190935,115.1128933875916,63.56303126959318,0.5521799461296909,416.2074518746109,130.00808931024298,490764.35632190935,1792.1748252635637,115.11289338759302,63.56303126959318,0.5521799461296841
2210714.285714286,4.654135338345865,416.08004625517344,129.62532276268058,490725.26125198824,115.18456067465308,64.17514381769237,0.5571505715853672,416.0800462551747,129.6253227626788,490725.26125198824,1792.174825263557,115.18456067465448,64.17514381769237,0.5571505715853604
2205639.097744361,4.643450732093392,415.9525135428953,129.2430326695225,490686.0506408033,115.25636032530782,64.78325637378369,0.562079664765873,415.95251354289655,129.243032669521,490686.0506408033,1792.174825263551,115.25636032530886,64.78325637378369,0.5620796647658679
2200563.909774436,4.632766125840918,415.82485331278724,128.86121901575854,490646.723948581,115.32829153775718,65.38748879438575,0.5669683294751542,415.8248533127885,128.86121901575677,490646.723948581,1792.174825263546,115.32829153775852,65.38748879438575,0.5669683294751476
2195488.7218045113,4.622081519588445,415.6970651340473,128.47988177838553,490607.2806320242,115.4003535093258,65.98795590067577,0.5718176235512408,415.6970651340484,128.47988177838403,490607.2806320242,1792.1748252635407,115.40035350932682,65.98795590067577,0.5718176235512358
2190413.5338345864,4.611396913335971,415.5691485700173,128.0990209264533,490567.72014427825,115.47254543650266,66.58476777342901,0.5766285615488003,415.5691485700183,128.09902092645206,490567.72014427825,1792.1748252635361,115.47254543650361,66.58476777342901,0.5766285615487955
2185338.3458646615,4.600712307083498,415.4411031781417,127.71863642110645,490528.0419348993,115.54486651498395,67.1780300261879,0.5814021172241018,415.44110317814267,127.71863642110549,490528.0419348993,1792.1748252635305,115.54486651498448,67.1780300261879,0.5814021172240992
2180263.157894737,4.590027700831025,415.3129285099259,127.33872821562825,490488.24544982065,115.6173159397124,67.7678440586439,0.5861392258403648,415.3129285099267,127.33872821562727,490488.24544982065,1792.1748252635257,115.61731593971314,67.7678440586439,0.5861392258403612
2175187.969924812,4.579343094578552,415.1846241108934,126.95929625548284,490448.33013132005,115.68989290491963,68.35430729191744,0.5908407863087469,415.1846241108942,126.9592962554816,490448.33013132005,1792.1748252635223,115.68989290492061,68.35430729191744,0.5908407863087419
2170112.7819548873,4.568658488326078,415.05618952054255,126.5803404783611,490408.2954179838,115.7625966041631,68.93751338734529,0.5955076631795778,415.0561895205432,126.58034047836023,490408.2954179838,1792.174825263518,115.76259660416375,68.93751338734529,0.5955076631795744
2165037.5939849624,4.557973882073605,414.92762427230366,126.20186081422304,490368.1407446746,115.83542623036665,69.5175524500739,0.6001406884956032,414.9276242723043,126.20186081422217,490368.1407446746,1792.1748252635145,115.83542623036735,69.5175524500739,0.6001406884955995
2159962.4060150376,4.547289275821131,414.7989278934953,125.82385718534216,490327.86554249557,115.9083809758582,70.09451121883116,0.6047406635196698,414.7989278934958,125.82385718534164,490327.86554249557,1792.1748252635102,115.90838097585859,70.09451121883116,0.6047406635196677
2154887.2180451127,4.536604669568658,414.67009990528004,125.4463295063494,490287.4692387564,115.98146003240745,70.66847324291915,0.6093083603463262,414.6700999052807,125.4463295063485,490287.4692387564,1792.1748252635089,115.98146003240811,70.66847324291915,0.6093083603463227
2149812.030075188,4.5259200633161845,414.541139822619,125.06927768427833,490246.9512569355,116.0546625912625,71.23951904755539,0.6138445234075314,414.5411398226196,125.06927768427765,490246.9512569355,1792.1748252635045,116.05466259126297,71.23951904755539,0.6138445234075289
2144736.842105263,4.515235457063711,414.4120471542277,124.69270161860985,490206.31101664715,116.12798784318495,71.80772628835763,0.6183498708797417,414.4120471542282,124.69270161860926,490206.31101664715,1792.1748252635025,116.1279878431854,71.80772628835763,0.6183498708797394
2139661.6541353385,4.504550850811239,414.28282140252907,124.31660120131674,490165.5479336022,116.20143497848653,72.37316989598848,0.6228250960015047,414.28282140252963,124.3166012013162,490165.5479336022,1792.1748252634995,116.20143497848687,72.37316989598848,0.6228250960015029
2134586.4661654136,4.493866244558766,414.15346206360846,123.94097631690875,490124.6614195735,116.27500318706214,72.93592221156206,0.6272708683071239,414.1534620636088,123.94097631690809,490124.6614195735,1792.1748252634968,116.27500318706267,72.93592221156206,0.627270868307121
2129511.2781954887,4.483181638306292,414.02396862716546,123.56582684247792,490083.6508823571,116.34869165842476,73.49605311364546,0.6316878347838615,414.023968627166,123.56582684247726,490083.6508823571,1792.1748252634948,116.34869165842518,73.49605311364546,0.6316878347838591
2124436.090225564,4.472497032053819,413.8943405764684,123.19115264774457,490042.51572573575,116.42249958173635,74.05363013739758,0.6360766209576784,413.89434057646866,123.19115264774418,490042.51572573575,1792.174825263492,116.42249958173657,74.05363013739758,0.6360766209576771
2119360.902255639,4.461812425801345,413.76457738830476,122.81695359510097,490001.2553494406,116.49642614584285,74.60871858648119,0.6404378319132118,413.7645773883051,122.81695359510054,490001.2553494406,1792.1748252634904,116.49642614584319,74.60871858648119,0.6404378319132099
2114285.714285714,4.451127819548872,413.6346785329335,122.44322953966011,489959.8691491109,116.57047053930172,75.16138163828641,0.6447720532529356,413.6346785329339,122.44322953965951,489959.8691491109,1792.1748252634884,116.57047053930214,75.16138163828641,0.6447720532529333
2109210.5263157897,4.440443213296399,413.5046434740366,122.06998032929792,489918.35651625815,116.64463195041566,75.71168044285952,0.6490798519990505,413.5046434740369,122.06998032929755,489918.35651625815,1792.1748252634868,116.64463195041591,75.71168044285952,0.6490798519990492
2104135.338345865,4.429758607043926,413.37447166866843,121.6972058047027,489876.7168382233,116.71890956725893,76.25967421613747,0.6533617774435517,413.37447166866866,121.6972058047024,489876.7168382233,1792.1748252634843,116.71890956725925,76.25967421613747,0.65336177744355
2099060.15037594,4.419074000791452,413.2441625672068,121.32490579941755,489834.94949813944,116.79330257770984,76.80542032772883,0.6576183619486692,413.244162567207,121.3249057994173,489834.94949813944,1792.174825263483,116.79330257771007,76.80542032772883,0.6576183619486679
2093984.962406015,4.408389394538979,413.11371561330145,120.95308013988938,489793.0538748893,116.86781016947519,77.34897438375917,0.6618501217023918,413.11371561330174,120.95308013988901,489793.0538748893,1792.1748252634816,116.86781016947542,77.34897438375917,0.6618501217023904
2088909.7744360901,4.3977047882865055,412.98313024382315,120.58172864551416,489751.0293430658,116.94243153011817,77.89039030500724,0.6660575574311264,412.9831302438233,120.58172864551402,489751.0293430658,1792.1748252634798,116.94243153011827,77.89039030500724,0.6660575574311258
2083834.5864661655,4.387020182034033,412.8524058888118,120.21085112868214,489708.87527292984,117.01716584708632,78.42972040074025,0.6702411550731736,412.8524058888119,120.21085112868207,489708.87527292984,1792.1748252634784,117.01716584708636,78.42972040074025,0.6702411550731733
2078759.3984962406,4.376335575781559,412.7215419714239,119.84044739482547,489666.5910303686,117.09201230773473,78.96701543847794,0.6744013864151657,412.721541971424,119.84044739482535,489666.5910303686,1792.1748252634775,117.09201230773476,78.96701543847794,0.6744013864151654
2073684.2105263157,4.365650969529086,412.59053790787914,119.47051724246457,489624.1759768528,117.1669700993506,79.5023247099877,0.678538709694161,412.59053790787937,119.47051724246415,489624.1759768528,1792.1748252634761,117.16697009935103,79.5023247099877,0.6785387096941585
2068609.022556391,4.3549663632766125,412.45939310740744,119.10106046325298,489581.6294693944,117.24203840917916,80.03569609373803,0.682653570167472,412.45939310740755,119.10106046325281,489581.6294693944,1792.1748252634748,117.24203840917933,80.03569609373803,0.682653570167471
2063533.8345864662,4.344281757024139,412.3281069721933,118.73207684202644,489538.950860502,117.31721642444263,80.56717611405982,0.6867464006525297,412.3281069721934,118.73207684202633,489538.950860502,1792.1748252634734,117.31721642444275,80.56717611405982,0.686746400652529
2058458.6466165413,4.3335971507716655,412.1966788973223,118.3635661568465,489496.13949813857,117.39250333236592,81.09680999719312,0.6908176220383416,412.1966788973224,118.36356615684633,489496.13949813857,1792.174825263473,117.39250333236606,81.09680999719312,0.6908176220383407
2053383.4586466164,4.322912544519192,412.0651082707238,117.99552817904951,489453.19472567464,117.4678983201947,81.62464172447379,0.6948676437709037,412.06510827072384,117.99552817904944,489453.19472567464,1792.1748252634716,117.46789832019478,81.62464172447379,0.6948676437709033
2048308.2706766918,4.3122279382667195,411.9333944731155,117.62796267329185,489410.115881845,117.54340057521732,82.15071408276356,0.6988968643134874,411.93339447311564,117.62796267329146,489410.115881845,1792.1748252634716,117.54340057521776,82.15071408276356,0.6988968643134847
2043233.082706767,4.301543332014246,411.8015368779463,117.26086939759615,489366.9023007024,117.61900928478397,82.67506871235827,0.7029056715839359,411.8015368779464,117.26086939759614,489366.9023007024,1792.1748252634698,117.61900928478394,82.67506871235827,0.702905671583936
2038157.894736842,4.2908587257617725,411.66953485133865,116.89424810339892,489323.5533115719,117.69472363632416,83.19774615249024,0.7068944433700416,411.6695348513388,116.89424810339855,489323.5533115719,1792.1748252634702,117.69472363632458,83.19774615249024,0.706894443370039
2033082.7067669174,4.2801741195093,411.537387752029,116.52809853559626,489280.06823900185,117.7705428173659,83.71878588461661,0.7108635477247017,411.53738775202896,116.52809853559634,489280.06823900185,1792.1748252634684,117.77054281736578,83.71878588461661,0.7108635477247024
2028007.5187969925,4.2694895132568265,411.4050949313102,116.16242043259082,489236.4464027203,117.84646601555082,84.23822637352589,0.7148133433412416,411.40509493131026,116.16242043259088,489236.4464027203,1792.1748252634686,117.8464660155507,84.23822637352589,0.7148133433412424
2022932.3308270676,4.258804907004353,411.27265573297035,115.79721352633813,489192.68711758335,117.92249241865157,84.75610510654248,0.7187441799113192,411.2726557329704,115.79721352633808,489192.68711758335,1792.174825263467,117.92249241865163,84.75610510654248,0.7187441799113188
2017857.1428571427,4.2481203007518795,411.1400694932333,115.43247754239188,489148.7896935296,117.99862121458742,85.27245863078404,0.7226563984651234,411.14006949323334,115.4324775423919,489148.7896935296,1792.1748252634661,117.99862121458735,85.27245863078404,0.7226563984651239
2012781.954887218,4.237435694499406,411.00733554069564,115.06821219995312,489104.753435528,118.07485159143604,85.7873225887248,0.726550331696093,411.0073355406957,115.06821219995294,489104.753435528,1792.174825263466,118.07485159143624,85.7873225887248,0.7265503316960917
2007706.7669172932,4.2267510882469335,410.8744531962665,114.7044172119131,489060.57764353126,118.15118273745074,86.30073175202781,0.7304263042698498,410.8744531962666,114.70441721191315,489060.57764353126,1792.1748252634657,118.15118273745068,86.30073175202781,0.7304263042698501
2002631.5789473685,4.21606648199446,410.74142177310296,114.34109228490269,489016.2616124227,118.22761384107008,86.81272005387555,0.734284633119428,410.74142177310307,114.34109228490247,489016.2616124227,1792.174825263466,118.2276138410703,86.81272005387555,0.7342846331194267
1997556.3909774437,4.2053818757419865,410.6082405765472,113.97823711933651,488971.8046319663,118.30414409093184,87.32332061978296,0.7381256277266487,410.60824057654736,113.97823711933626,488971.8046319663,1792.1748252634645,118.30414409093214,87.32332061978296,0.7381256277266468
1992481.2030075188,4.194697269489513,410.47490890406294,113.61585140945894,488927.2059867567,118.38077267588471,87.83256579700121,0.7419495903906491,410.4749089040631,113.61585140945891,488927.2059867567,1792.174825263465,118.38077267588463,87.83256579700121,0.7419495903906497
1987406.015037594,4.18401266323704,410.34142604516785,113.25393484339273,488882.4649561631,118.45749878499599,88.34048718267191,0.7457568164849793,410.34142604516774,113.25393484339295,488882.4649561631,1792.1748252634634,118.45749878499578,88.34048718267191,0.7457568164849806
1982330.8270676692,4.173328056984567,410.2077912813695,112.89248710318205,488837.58081428,118.53432160756466,88.84711565063849,0.7495475947024647,410.2077912813697,112.89248710318175,488837.58081428,1792.174825263464,118.53432160756499,88.84711565063849,0.7495475947024627
1977255.6390977444,4.1626434507320935,410.074003886098,112.53150786483934,488792.5528298714,118.61124033312922,89.35248137715672,0.7533222072899928,410.07400388609807,112.5315078648393,488792.5528298714,1792.174825263463,118.61124033312925,89.35248137715672,0.7533222072899926
1972180.4511278197,4.15195884447962,409.9400631246382,112.17099679839177,488747.38026631734,118.6882541514754,89.85661386544285,0.7570809302727102,409.9400631246383,112.17099679839149,488747.38026631734,1792.1748252634632,118.68825415147566,89.85661386544285,0.7570809302727085
1967105.2631578948,4.1412742382271475,409.8059682540607,111.81095356792594,488702.06238155806,118.76536225264492,90.35954196919025,0.7608240336687722,409.80596825406053,111.81095356792613,488702.06238155806,1792.1748252634623,118.76536225264472,90.35954196919025,0.7608240336687735
1962030.07518797,4.130589631974674,409.671718523153,111.45137783163464,488656.59842803935,118.84256382694134,90.86129391506202,0.7645517816947666,409.671718523153,111.45137783163464,488656.59842803935,1792.1748252634618,118.84256382694134,90.86129391506202,0.7645517816947666
1956954.887218045,4.1199050257222005,409.53731317234957,111.09226924186049,488610.9876526552,118.919858064938,91.36189732425399,0.7682644329626128,409.53731317234974,111.09226924186027,488610.9876526552,1792.174825263462,118.91985806493825,91.36189732425399,0.7682644329626112
1951879.6992481202,4.109220419469727,409.40275143366,110.73362744514279,488565.22929669113,118.99724415748226,91.86137923314514,0.7719622406681519,409.4027514336601,110.73362744514274,488565.22929669113,1792.1748252634613,118.99724415748233,91.86137923314514,0.7719622406681513
1946804.5112781955,4.098535813217254,409.26803253059734,110.37545208226258,488519.3225957659,119.07472129570071,92.35976611309836,0.775645452771957,409.26803253059745,110.37545208226246,488519.3225957659,1792.1748252634611,119.07472129570083,92.35976611309836,0.7756454527719562
1941729.3233082707,4.08785120696478,409.13315567810514,110.0177427882866,488473.2667797729,119.15228867100475,92.85708388944927,0.7793143121727185,409.13315567810525,110.01774278828651,488473.2667797729,1792.1748252634611,119.15228867100481,92.85708388944927,0.7793143121727182
1936654.135338346,4.0771666007123075,408.9981200824839,109.6604991926134,488427.06107282155,119.22994547509302,93.35335795971599,0.78296905687353,408.998120082484,109.66049919261323,488427.06107282155,1792.1748252634604,119.22994547509315,93.35335795971599,0.7829690568735292
1931578.9473684211,4.066481994459834,408.8629249413158,109.30372091901707,488380.70469317585,119.30769089995614,93.84861321109797,0.78660992014164,408.8629249413159,109.30372091901715,488380.70469317585,1792.1748252634602,119.30769089995593,93.84861321109797,0.7866099201416414
1926503.7593984962,4.055797388207361,408.7275694433897,108.94740758569331,488334.196853194,119.38552413787704,94.34287403725848,0.790237130661695,408.7275694433897,108.94740758569331,488334.196853194,1792.1748252634595,119.38552413787704,94.34287403725848,0.790237130661695
1921428.5714285714,4.045112781954887,408.5920527686242,108.59155880530224,488287.5367592673,119.46344438143603,94.83616435444509,0.7938509126828935,408.5920527686243,108.59155880530216,488287.5367592673,1792.17482526346,119.46344438143615,94.83616435444509,0.7938509126828928
1916353.3834586465,4.034428175702414,408.45637408798984,108.23617418501354,488240.7236117559,119.54145082351053,95.32850761700941,0.7974514861606556,408.45637408798984,108.23617418501354,488240.7236117559,1792.1748252634598,119.54145082351053,95.32850761700941,0.7974514861606556
1911278.1954887218,4.023743569449941,408.3205325634307,107.88125332655126,488193.7566049268,119.61954265727594,95.81992683228486,0.801039066892441,408.3205325634308,107.88125332655106,488193.7566049268,1792.17482526346,119.61954265727616,95.81992683228486,0.8010390668924395
1906203.007518797,4.013058963197468,408.18452734778543,107.52679582623595,488146.63492688973,119.69771907620795,96.31044457491883,0.8046138666485437,408.18452734778543,107.52679582623595,488146.63492688973,1792.1748252634595,119.69771907620795,96.31044457491883,0.8046138666485437
1901127.8195488723,4.002374356944994,408.04835758470574,107.17280127503052,488099.3577595308,119.77597927408064,96.80008300066913,0.8081760932980036,408.0483575847058,107.17280127503051,488099.3577595308,1792.174825263459,119.77597927408067,96.80008300066913,0.8081760932980033
1896052.6315789474,3.991689750692521,407.9120224085758,106.81926925858237,488051.92427844775,119.85432244496774,97.28886385965492,0.8117259509295215,407.9120224085759,106.8192692585822,488051.92427844775,1792.174825263459,119.85432244496793,97.28886385965492,0.8117259509295202
1890977.4436090225,3.9810051444400476,407.7755209444289,106.46619935726775,488004.33365288295,119.93274778324064,97.77680850913508,0.815263639968052,407.7755209444289,106.46619935726775,488004.33365288295,1792.1748252634584,119.93274778324064,97.77680850913508,0.815263639968052
1885902.2556390977,3.970320538187574,407.6388523078644,106.11359114623424,487956.5850456552,120.01125448356818,98.2639379258107,0.8187893572870275,407.6388523078643,106.11359114623436,487956.5850456552,1792.1748252634584,120.01125448356811,98.2639379258107,0.8187893572870281
1880827.0676691728,3.9596359319351007,407.50201560496225,105.76144419544539,487908.67761309125,120.08984174091356,98.7502727176765,0.8223032963164706,407.50201560496225,105.76144419544539,487908.67761309125,1792.1748252634582,120.08984174091356,98.7502727176765,0.8223032963164706
1875751.8796992481,3.9489513256826276,407.3650099321982,105.40975806972173,487860.6105049566,120.1685087505337,99.23583313543918,0.8258056471471228,407.3650099321982,105.40975806972173,487860.6105049566,1792.1748252634582,120.1685087505337,99.23583313543918,0.8258056471471228
1870676.6917293235,3.9382667194301546,407.22783437635644,105.05853232878411,487812.38286438544,120.24725470797677,99.72063908352727,0.8292965966308432,407.2278343763565,105.05853232878401,487812.38286438544,1792.1748252634586,120.24725470797691,99.72063908352727,0.8292965966308423
1865601.5037593986,3.927582113177681,407.09048801444106,104.70776652729725,487763.9938278077,120.326078809078,100.2047101307246,0.8327763284775525,407.09048801444106,104.70776652729725,487763.9938278077,1792.174825263458,120.326078809078,100.2047101307246,0.8327763284775525
1860526.3157894737,3.9168975069252077,406.95296991358805,104.35746021491119,487715.4425248783,120.40498024995735,100.68806552040496,0.8362450233485307,406.9529699135879,104.3574602149114,487715.4425248783,1792.174825263457,120.4049802499571,100.68806552040496,0.8362450233485323
1855451.1278195488,3.906212900672734,406.81527913097443,104.00761293630256,487666.728078404,120.48395822701721,101.17072418041707,0.8397028589465003,406.8152791309745,104.00761293630256,487666.728078404,1792.1748252634577,120.48395822701718,101.17072418041707,0.8397028589465005
1850375.939849624,3.8955282944202607,406.67741471372653,103.65822423121857,487617.8496042669,120.56301193693645,101.65270473265392,0.8431500101028162,406.6774147137265,103.65822423121868,487617.8496042669,1792.1748252634573,120.56301193693629,101.65270473265392,0.8431500101028173
1845300.7518796993,3.884843688167788,406.53937569882805,103.30929363451723,487568.8062113517,120.64214057666726,102.1340255022515,0.8465866488612743,406.5393756988281,103.30929363451716,487568.8062113517,1792.174825263458,120.64214057666733,102.1340255022515,0.8465866488612739
1840225.5639097744,3.8741590819153147,406.4011611130253,102.96082067620944,487519.5970014675,120.72134334343102,102.6147045265103,0.8500129445593517,406.4011611130253,102.96082067620944,487519.5970014675,1792.174825263457,120.72134334343102,102.6147045265103,0.8500129445593517
1835150.3759398498,3.8634744756628416,406.26276997273385,102.61280488149963,487470.221069272,120.80061943471365,103.09475956349056,0.8534290639064795,406.26276997273385,102.61280488149963,487470.221069272,1792.1748252634577,120.80061943471365,103.09475956349056,0.8534290639064795
1830075.1879699249,3.852789869410368,406.1242012839397,102.2652457708285,487420.67750219104,120.8799680482592,103.57420810035619,0.8568351710599891,406.12420128393967,102.26524577082851,487420.67750219104,1792.174825263457,120.87996804825919,103.57420810035619,0.8568351710599892
1825000.0,3.8421052631578947,405.98545404210427,101.9181428599118,487370.9653803411,120.95938838206669,104.05306736139866,0.8602314276981369,405.98545404210415,101.91814285991185,487370.9653803411,1792.1748252634573,120.95938838206668,104.05306736139866,0.860231427698137
1819924.8120300751,3.831420656905421,405.8465272320637,101.57149565978264,487321.0837764477,121.03887963438325,104.53135431583482,0.8636179930910466,405.84652723206364,101.57149565978264,487321.0837764477,1792.1748252634573,121.03887963438328,104.53135431583482,0.8636179930910465
1814849.6240601502,3.8207360506529477,405.7074198279301,101.22530367683109,487271.03175576334,121.11844100369873,105.00908568534106,0.8669950241692285,405.7074198279301,101.22530367683109,487271.03175576334,1792.1748252634573,121.11844100369873,105.00908568534106,0.8669950241692285
1809774.4360902256,3.8100514444004747,405.56813079298854,100.8795664128455,487220.8083759852,121.19807168873919,105.48627795134115,0.8703626755898471,405.56813079298854,100.8795664128455,487220.8083759852,1792.174825263457,121.19807168873919,105.48627795134115,0.8703626755898471
1804699.2481203007,3.7993668381480017,405.42865907959595,100.53428336505056,487170.41268717154,121.27777088846248,105.96294736206093,0.8737210998008333,405.428659079596,100.53428336505046,487170.41268717154,1792.1748252634573,121.27777088846263,105.96294736206093,0.8737210998008323
1799624.060150376,3.7886822318955287,405.28900362907524,100.18945402614949,487119.8437316551,121.35753780204945,106.43910993938168,0.8770704471031561,405.2890036290753,100.18945402614949,487119.8437316551,1792.174825263457,121.35753780204949,106.43910993938168,0.8770704471031558
1794548.8721804512,3.777997625643055,405.14916337161094,99.8450778843622,487069.1005439585,121.4373716288988,106.9147814854476,0.8804108657108385,405.14916337161094,99.8450778843622,487069.1005439585,1792.174825263457,121.4373716288988,106.9147814854476,0.8804108657108385
1789473.6842105263,3.7673130193905817,405.00913722614166,99.50115442346474,487018.18215070537,121.51727156862042,107.38997758909926,0.8837425018093538,405.0091372261416,99.50115442346481,487018.18215070537,1792.1748252634573,121.51727156862032,107.38997758909926,0.8837425018093544
1784398.4962406014,3.7566284131381082,404.8689241002512,99.15768312282938,486967.08757053176,121.59723682102704,107.86471363209778,0.8870654996121212,404.8689241002511,99.15768312282941,486967.08757053176,1792.174825263457,121.59723682102702,107.86471363209778,0.8870654996121213
1779323.3082706765,3.7459438068856348,404.7285228900593,98.81466345746216,486915.8158139966,121.67726658612895,108.33900479515577,0.890380001415205,404.7285228900592,98.81466345746226,486915.8158139966,1792.1748252634568,121.67726658612891,108.33900479515577,0.8903800014152053
1774248.1203007519,3.7352592006331617,404.58793248010966,98.47209489804322,486864.36588349025,121.75736006412468,108.81286606379545,0.8936861476504427,404.58793248010966,98.47209489804322,486864.36588349025,1792.174825263457,121.75736006412468,108.81286606379545,0.8936861476504427
1769172.9323308272,3.7245745943806887,404.44715174325745,98.12997691096373,486812.73677314137,121.8375164553948,109.28631223403616,0.8969840769369779,404.44715174325745,98.12997691096373,486812.73677314137,1792.174825263457,121.8375164553948,109.28631223403616,0.8969840769369779
1764097.7443609023,3.7138899881282152,404.30617954055384,97.78830895836568,486760.9274687235,121.91773496049323,109.75935791790592,0.9002739261311968,404.30617954055384,97.78830895836568,486760.9274687235,1792.1748252634568,121.91773496049323,109.75935791790592,0.9002739261311968
1759022.5563909775,3.703205381875742,404.1650147211308,97.44709049817837,486708.93694755953,121.99801478014034,110.23201754879985,0.9035558303752346,404.16501472113066,97.44709049817841,486708.93694755953,1792.1748252634566,121.99801478014028,110.23201754879985,0.903555830375235
1753947.3684210526,3.6925207756232687,404.02365612208274,97.10632098415759,486656.7641784257,122.07835511521375,110.70430538667658,0.9068299231440111,404.0236561220827,97.10632098415769,486656.7641784257,1792.1748252634563,122.07835511521367,110.70430538667658,0.9068299231440117
1748872.1804511277,3.6818361693707953,403.8821025683476,96.76599986592232,486604.408121453,122.15875516674076,111.17623552311863,0.9100963362909885,403.8821025683476,96.76599986592232,486604.408121453,1792.174825263457,122.15875516674076,111.17623552311863,0.9100963362909885
1743796.992481203,3.6711515631183222,403.74035287258437,96.42612658899309,486551.86772802693,122.23921413588893,111.64782188625138,0.9133552000926357,403.74035287258437,96.42612658899309,486551.86772802693,1792.1748252634566,122.23921413588893,111.64782188625138,0.9133552000926357
1738721.8045112782,3.6604669568658488,403.5984058350526,96.08670059482758,486499.14194068883,122.31973122395883,112.11907824549895,0.9166066432913984,403.5984058350525,96.08670059482759,486499.14194068883,1792.1748252634563,122.31973122395884,112.11907824549895,0.9166066432913983
1733646.6165413535,3.6497823506133757,403.45626024348564,95.74772132085876,486446.22969303216,122.40030563237424,112.59001821624177,0.9198507931377444,403.45626024348564,95.74772132085876,486446.22969303216,1792.1748252634563,122.40030563237424,112.59001821624177,0.9198507931377444
1728571.4285714286,3.6390977443609023,403.31391487296537,95.40918820053143,486393.1299095983,122.48093656267278,113.06065526433731,0.9230877754309532,403.31391487296537,95.40918820053143,486393.1299095983,1792.1748252634563,122.48093656267278,113.06065526433731,0.9230877754309532
1723496.2406015038,3.628413138108429,403.171368485794,95.07110066333824,486339.84150577284,122.56162321649724,113.53100271050324,0.926317714558643,403.171368485794,95.07110066333824,486339.84150577284,1792.1748252634568,122.56162321649724,113.53100271050324,0.926317714558643
1718421.0526315789,3.6177285318559553,403.0286198313637,94.73345813485626,486286.3633876768,122.6423647955859,114.00107373461147,0.9295407335354524,403.0286198313637,94.73345813485626,486286.3633876768,1792.1748252634563,122.6423647955859,114.00107373461147,0.9295407335354524
1713345.864661654,3.6070439256034823,402.8856676460252,94.39626003678256,486232.6944520608,122.72316050176296,114.47088137983559,0.9327569540404004,402.8856676460251,94.39626003678256,486232.6944520608,1792.1748252634566,122.72316050176296,114.47088137983559,0.9327569540404004
1708270.6766917293,3.5963593193510093,402.74251065295346,94.05950578697029,486178.8335861922,122.80400953692845,114.94043855673046,0.935966496453576,402.74251065295346,94.05950578697029,486178.8335861922,1792.1748252634563,122.80400953692845,114.94043855673046,0.935966496453576
1703195.4887218045,3.585674713098536,402.5991475620125,93.72319479946408,486124.7796677461,122.884911103048,115.40975804716764,0.9391694798915394,402.5991475620125,93.72319479946408,486124.7796677461,1792.174825263457,122.884911103048,115.40975804716764,0.9391694798915394
1698120.3007518798,3.5749901068460628,402.45557706961654,93.38732648453596,486070.53156468994,122.96586440214189,115.878852508204,0.9423660222420683,402.45557706961654,93.38732648453596,486070.53156468994,1792.1748252634563,122.96586440214189,115.878852508204,0.9423660222420683
1693045.112781955,3.5643055005935893,402.3117978585921,93.05190024871835,486016.088135171,123.04686863627667,116.34773447582042,0.9455562401977191,402.31179785859206,93.05190024871844,486016.088135171,1792.1748252634561,123.04686863627659,116.34773447582042,0.9455562401977198
1687969.92481203,3.553620894341116,402.16780859803436,92.71691549484173,485961.44822739746,123.12792300755072,116.81641636860405,0.9487402492888667,402.1678085980344,92.71691549484173,485961.44822739746,1792.1748252634561,123.1279230075507,116.81641636860405,0.9487402492888668
1682894.7368421052,3.5429362880886424,402.02360794316417,92.3823716220668,485906.6106795219,123.2090267180861,117.284910491308,0.9519181639155949,402.02360794316405,92.38237162206688,485906.6106795219,1792.1748252634563,123.20902671808604,117.284910491308,0.9519181639155954
1677819.5488721803,3.532251681836169,401.879194535181,92.04826802592028,485851.5743195198,123.29017897001522,117.75322903835111,0.95509009737904,401.879194535181,92.04826802592028,485851.5743195198,1792.1748252634561,123.29017897001522,117.75322903835111,0.95509009737904
1672744.3609022556,3.521567075583696,401.73456700111626,91.714604098328,485796.3379650693,123.37137896547004,118.22138409720729,0.9582561619117173,401.73456700111626,91.714604098328,485796.3379650693,1792.1748252634563,123.37137896547004,118.22138409720729,0.9582561619117173
1667669.172932331,3.5108824693312233,401.58972395368073,91.38137922764977,485740.9004234254,123.45262590656891,118.68938765174892,0.9614164687073979,401.58972395368073,91.38137922764977,485740.9004234254,1792.1748252634561,123.45262590656891,118.68938765174892,0.9614164687073979
1662593.984962406,3.50019786307875,401.4446639911131,91.04859279871185,485685.26049129624,123.53391899540533,119.1572515854805,0.9645711279499875,401.444663991113,91.0485927987119,485685.26049129624,1792.1748252634557,123.53391899540529,119.1572515854805,0.9645711279499878
1657518.7969924812,3.4895132568262763,401.2993856970245,90.71624419284078,485629.4169547156,123.61525743403466,119.62498768470883,0.9677202488418133,401.2993856970244,90.71624419284085,485629.4169547156,1792.1748252634557,123.61525743403462,119.62498768470883,0.9677202488418136
1652443.6090225563,3.478828650573803,401.1538876402407,90.38433278789684,485573.36858891184,123.69664042446044,120.09260764166255,0.9708639396314178,401.1538876402408,90.38433278789682,485573.36858891184,1792.1748252634561,123.69664042446044,120.09260764166255,0.9708639396314178
1647368.4210526315,3.4681440443213294,401.0081683746416,90.05285795830689,485517.1141581775,123.77806716862064,120.56012305751412,0.9740023076404742,401.0081683746415,90.05285795830687,485517.1141581775,1792.1748252634557,123.77806716862065,120.56012305751412,0.9740023076404741
1642293.2330827068,3.4574594380688564,400.8622264390008,89.72181907509581,485460.652415738,123.85953686837532,121.0275454453325,0.9771354592900476,400.8622264390008,89.72181907509581,485460.652415738,1792.1748252634566,123.85953686837532,121.0275454453325,0.9771354592900476
1637218.045112782,3.446774831816383,400.71606035681725,89.39121550592063,485403.98210361163,123.94104872549028,121.49488623302098,0.980263500126684,400.71606035681725,89.39121550592063,485403.98210361163,1792.1748252634566,123.94104872549028,121.49488623302098,0.980263500126684
1632142.8571428573,3.43609022556391,400.56966863615116,89.06104661510119,485347.10195247683,124.02260194162326,121.96215676612277,0.9833865348473311,400.56966863615105,89.0610466151013,485347.10195247683,1792.174825263456,124.02260194162311,121.96215676612277,0.9833865348473323
1627067.6691729324,3.425405619311437,400.42304976945167,88.73131176365267,485290.0106815303,124.10419571830846,122.42936831061984,0.9865046673241399,400.4230497694516,88.73131176365264,485290.0106815303,1792.1748252634561,124.1041957183085,122.42936831061984,0.9865046673241396
1621992.4812030075,3.4147210130589634,400.27620223338454,88.40201030931692,485232.7069983453,124.18582925694102,122.8965320556578,0.989618000628593,400.27620223338454,88.40201030931692,485232.7069983453,1792.1748252634566,124.18582925694102,122.8965320556578,0.989618000628593
1616917.2932330826,3.40403640680649,400.1291244886563,88.07314160659443,485175.1895987279,124.26750175875944,123.36365911621685,0.9927266370551392,400.1291244886563,88.07314160659443,485175.1895987279,1792.174825263456,124.26750175875944,123.36365911621685,0.9927266370551392
1611842.1052631577,3.3933518005540164,399.9818149798368,87.74470500677435,485117.45716657204,124.34921242483061,123.83076053571621,0.9958306781441997,399.9818149798368,87.74470500677435,485117.45716657204,1792.1748252634561,124.34921242483061,123.83076053571621,0.9958306781441997
1606766.917293233,3.3826671943015434,399.83427213517643,87.41669985796642,485059.50837370876,124.43096045603083,124.29784728860137,0.9989302247049962,399.8342724963356,87.41669961786052,485059.50837370876,1792.174826343404,124.43096072529814,124.29784728860137,0.9989302225433216
1601691.7293233082,3.37198258804907,399.6864943664233,87.08912550513044,485001.34187975817,124.51274505302926,124.76493028283885,1.0020253768375453,399.69468326603965,87.08371897530337,485011.11943570833,1792.199289119628,124.51883066873239,124.68653783220272,1.0013468417794293
1596616.5413533836,3.361297981796597,399.53848006863564,86.7619812901073,484942.9563319743,124.5945654162686,125.2320203624032,1.0051162339545459,399.5549095138974,86.75120914739824,484962.54826595145,1792.223861676726,124.60673554272651,125.0754774370063,1.0037617701181094
1591541.3533834587,3.3506133755441234,399.39022761999115,86.43526655164926,484884.3503650908,124.67642074594538,125.69912830969167,1.008202894802621,399.4149499035449,86.41916932466398,484913.79372866766,1792.2485447470679,124.69467453755557,125.46467283926044,1.0061750696616396
1586466.1654135338,3.33992876929165,399.2417353815947,86.10898062544884,484825.5226011623,124.75831024199151,126.16626484791148,1.0112854574832648,399.27480308422093,86.08759869490243,484864.8546775387,1792.2733390701387,124.78264684433697,125.85413077416499,1.0085868023873918
1581390.977443609,3.3292441630391765,399.09300169728135,85.783122844169,484766.4716494045,124.840233104053,126.63344064341369,1.014364019473322,399.1344673855099,85.75649663903165,484815.72995556553,1792.298244484673,124.87065143129438,126.24385797680183,1.0109970319668191
1576315.789473684,3.3185595567867034,398.94402489341724,85.45769253747203,484707.19610603113,124.922188531469,127.10066630799273,1.0174386776451243,398.99394204792367,85.42586193996209,484766.4183949328,1792.3232635922132,124.9586879469179,126.63386118306725,1.0134058164636055
1571240.6015037594,3.3078749505342304,398.794803278696,85.13268903204859,484647.69455408835,125.00417572325044,127.56795240114691,1.0205095282862588,398.85322564551285,85.09569380148844,484716.918816871,1792.3483970593072,125.04675555982668,127.02414713059859,1.0158132177193984
1566165.4135338347,3.2971903442817574,398.64533514393344,84.80811165164646,484587.9655632858,125.08619387805669,128.0353094323061,1.02357666711903,398.7123159142834,84.76599194126855,484667.2300315158,1792.3736431180887,125.13485284225024,127.41472255970397,1.0182193023419928
1561090.2255639099,3.286505738029284,398.49561876185714,84.483959717099,484528.0076898277,125.1682421941727,128.50274786300318,1.0266401893194097,398.5712122831084,84.43675499369436,484617.3508377678,1792.3990050818716,125.2229796113185,127.80559421426878,1.0206241267454783
1556015.037593985,3.2758211317768104,398.3456523868939,84.16023254635294,484467.8194762366,125.2503198694852,128.9702781090465,1.0297001895359437,398.4299130267506,84.10798231114609,484567.2800231457,1792.424482889279,125.31113485544792,128.1967688426917,1.0230277540026471
1550939.84962406,3.265136525524337,398.1954342549536,83.83692945449613,484407.39945117955,125.3324261014578,129.4379105426184,1.0327567619080251,398.2884169360666,83.7796729115314,484517.0163636418,1792.4500780632047,125.39931794862433,128.58825319878343,1.025430243978405
1545864.6616541352,3.2544519192718635,398.04496258320705,83.51404975378605,484346.7461292864,125.41456008710436,129.90565549438233,1.0358100000841908,398.1467220364327,83.45182627244517,484466.55862357066,1792.4757899151239,125.4875277260796,128.98005404269554,1.0278316608821843
1540789.4736842106,3.2437673130193905,397.89423556986424,83.19159275367595,484285.85801096953,125.49672102296364,130.373523255525,1.03885999723984,398.0048268664936,83.12444153948462,484415.9055554194,1792.5016193331458,125.57576340633008,129.3721781418215,1.0302320657466937
1535714.2857142857,3.233082706766917,397.74325139394534,82.86955776084197,484224.7335822376,125.57890810507189,130.8415240797918,1.0419068460948608,397.86273061112956,82.79751745767307,484365.0558996926,1792.5275691678287,125.66402467955125,129.76463227171266,1.0326315156833321
1530639.097744361,3.2223981005144444,397.59200821505004,82.54794407921027,484163.37131450896,125.66112052893385,131.30966818547697,1.0449506389308578,397.7204308482495,82.4710537322697,484314.0083847571,1792.553637580571,125.75231010188826,130.15742321697903,1.0350300770739052
1525563.9097744361,3.211713494261971,397.4405041731206,82.22675100998347,484101.7696644169,125.74335748949346,131.77796575742155,1.0479914676083968,397.5779267049238,82.14504912170887,484262.76172668,1792.579827362773,125.84061934524428,130.55055777222103,1.0374278071061858
1520488.7218045113,3.2010288880094975,397.28873738820414,81.90597785166561,484039.92707361985,125.82561818110534,132.24642694892847,1.05102942358353,397.4352164065576,81.81950291489694,484211.3146290707,1792.606138702619,125.92895145235427,130.94404274290827,1.0398247681149912
1515413.5338345864,3.190344281757024,397.13670596020734,81.58562390008964,483977.8419685998,125.90790179750128,132.71506188371512,1.0540645979246153,397.292298572978,81.49441415414955,484159.6657829134,1792.632573008607,126.01730575733527,131.33788494631392,1.0422210200178712
1510338.3458646615,3.1796596755045505,396.98440796865054,81.26568844844084,483915.51276046486,125.9902075317609,133.1838806577893,1.0570970813284433,397.1491710467284,81.16978232429408,484107.81386640243,1792.6591294626357,126.10568106106824,131.73209121240396,1.0446166271336426
1505263.1578947369,3.1689750692520775,396.8318414724139,80.94617078728406,483852.9378447415,126.07253457627579,133.65289334135255,1.0601269641365902,397.00583297041146,80.84560613884334,484055.75754477,1792.6858111279519,126.19407708894487,132.12666838476605,1.047011646130109
1500187.9699248122,3.1582904629996045,396.67900450948196,80.6270702045869,483790.11560117034,126.15488212271761,134.12210998063404,1.0631543363511393,396.8622821709223,80.52188506483078,484003.4954701159,1792.7126172618835,126.28249265746028,132.52162332150232,1.0494061412056983
1495112.7819548873,3.147605856747131,396.52589509668314,80.30838598574483,483727.0443934929,126.2372493620021,134.5915405997425,1.066179287650536,396.71851702925494,80.19861823306374,483951.02628123015,1792.7395488118884,126.37092698475652,132.91696289615436,1.05180017324861
1490037.5939849624,3.136921250494658,396.3725112294236,79.99011741360562,483663.7225692375,126.31963548425276,135.06119520248197,1.0692019074051156,396.57453622101445,79.87580459627272,483898.34860341495,1792.7666080142424,126.4593794563534,133.31269399861392,1.0541938017703614
1484962.4060150376,3.1262366442421845,396.2188508814189,79.67226376849209,483600.14845950285,126.40203967876455,135.53108377413753,1.0722222846923462,396.43033790027084,79.55344339261937,483845.4610483046,1792.7937945333701,126.5478492559447,133.70882353602818,1.056587087984406
1479887.2180451127,3.115552037989711,396.06491200441525,79.35482432822829,483536.3206106809,126.48446108618698,136.00121457779764,1.0752404952346353,396.28592053947625,79.2315336681719,483792.362406637,1792.8211101449451,126.63633565100018,134.10535699487917,1.058980081076122
1474812.030075188,3.104867431737238,395.91069252791556,79.03779836815953,483472.23685027426,126.56689899112949,136.4716010291132,1.0782566541246925,396.14128208837064,78.91007474808548,483739.05087110266,1792.848554785031,126.72483761342784,134.50230423971425,1.061372867172349
1469736.8421052631,3.0941828254847645,395.7561903588921,78.72118516117624,483407.89569700154,126.64935253080417,136.94225131052465,1.0812708361633117,395.9964209863286,78.58906567139506,483685.52520941786,1792.8761298859943,126.81335446480445,134.8996707526088,1.063765494745655
1464661.6541353385,3.0834982192322915,395.60140338149677,78.4049839777379,483343.295413975,126.73182089079285,137.41317535101186,1.0842831294077542,395.8513354827158,78.26850557099257,483631.7839766587,1792.9038363900559,126.90188540926114,135.29746351902003,1.0661580250181704
1459586.4661654136,3.072813612979818,395.44632945676756,78.0891940858937,483278.43424672855,126.8143032556446,137.88438306980558,1.0872936216969535,395.7060238076089,77.94839357786947,483577.8257132779,1792.9316752494212,126.9904296510774,135.69568954628645,1.0685505192724196
1454511.2781954887,3.0621290067273446,395.29096642232844,77.7738147513048,483213.3104229756,126.8967988088315,138.35588437810196,1.0903024006660202,395.56048417155057,77.6287288211452,483523.64894490317,1792.959647426425,127.0789863946401,136.0943558645679,1.070943038858768
1449436.0902255639,3.051444400474871,395.13531209208463,77.45884523726598,483147.92215236335,126.97930673270236,138.82768918076567,1.0933095537606354,395.41471476530177,77.3095104280943,483469.2521821328,1792.9877538936753,127.16755484440264,136.49346952778504,1.0733356452028446
1444360.9022556392,3.0407597942223985,394.97936425591115,77.14428480472678,483082.26762622374,127.06182620843613,139.29980737800935,1.0963151682512233,395.26871375959036,76.99073752417257,483414.6339203287,1793.0159956342006,127.25613420484356,136.89303761455727,1.0757283998129412
1439285.7142857143,3.030075187969925,394.8231206793383,76.83013271231194,483016.3450173179,127.14435641599417,139.7722488670843,1.0993193312471838,395.12247930485205,76.67240923304456,483359.7926394036,1793.0443736415987,127.34472368042233,137.29306722916044,1.078121364287569
1434210.5263157894,3.0193905817174516,394.66657910322806,76.51638821634224,482950.15247957903,127.22689653407012,140.2450235439387,1.1023221297108543,394.97600953097145,76.35452467660784,483304.72680360713,1793.0728889201916,127.43332247553705,137.6935655024726,1.0805146003228878
1429135.3383458646,3.008705975464978,394.50973724344817,76.20305057085424,482883.68814784795,127.30944574004002,140.71814130488679,1.105323650471519,394.82930254701284,76.03708297502037,483249.434861306,1793.1015424851805,127.52192979447688,138.09453959293975,1.0829081697203173
1424060.15037594,2.998021369212505,394.3525927905372,75.89011902762034,482816.95013760595,127.39200320990919,141.191612048259,1.1083239802392588,394.6823564409507,75.72008324672439,483193.9152447615,1793.1303353627995,127.61054484137733,138.49599668753956,1.08530213439409
1418984.962406015,2.9873367629600316,394.1951434093666,75.57759283616753,482749.9365447031,127.47456811825968,141.6654456760427,1.1113232056186924,394.53516927939387,75.40352460847079,483138.1663699038,1793.1592685904868,127.6991668201728,138.89794400274766,1.0876965563788297
1413909.7744360901,2.976652156707558,394.03738673879377,75.26547124379674,482682.6454450791,127.55713963819508,142.13965209553533,1.1143214131227956,394.38773910730174,75.0874061753449,483082.1866360994,1793.188343217034,127.78779493454638,139.3003887855276,1.090091497837317
1408834.5864661655,2.965967550455085,393.8793203913097,74.95375349560172,482615.07489448227,127.6397169412835,142.61424122097148,1.1173186891865055,394.24006394770004,74.77172706078902,483025.97442591767,1793.2175603027658,127.87642838788135,139.70333831431032,1.0924870210681439
1403759.3984962406,2.9552829442026116,393.7209419526829,74.64243883448609,482547.2229281836,127.72229919750171,143.0892229751449,1.1203151201802337,394.0921418013893,74.45648637662534,482969.5281048927,1793.2469209197081,127.96506638321094,140.10679989997837,1.094883188513396
1398684.2105263157,2.9445983379501386,393.5622489815911,74.33152650118232,482479.0875606814,127.80488557517417,143.5646072910562,1.1233107924235983,393.9439706466453,74.14168323308077,482912.8460212776,1793.2764261517514,128.05370812316374,140.51078088688706,1.0972800627666475
1393609.022556391,2.9339137316976656,393.40323900925193,74.02101573426876,482410.66678540607,127.88747524091275,144.04040411351895,1.1263057921987867,393.79554843891884,73.82731673880764,482855.9265057993,1793.3060770948396,128.14235280991255,140.91528865385544,1.099677706580668
1388533.8345864662,2.923229125445192,393.2439095390438,73.710905770186,482341.95857441716,127.97006735955584,144.5166234007827,1.129300205764026,393.6468731105267,73.5133860009063,482798.767871406,1793.3358748571432,128.23099964511945,141.32033061518786,1.1020761828753831
1383458.6466165413,2.9125445191927186,393.0842580461185,73.40119584325484,482272.96087809245,128.05266109410266,144.9932751261695,1.1322941193671687,393.49794257033557,73.19989012494777,482741.3684130087,1793.3658205592387,128.31964782987825,141.72591422171385,1.1044755547459821
1378383.4586466164,2.901859912940245,392.9242819770119,73.09188518569081,482203.6716248182,128.13525560565037,145.47036927966334,1.1352876192588526,393.34875470344605,72.88682821499295,482683.72640722385,1793.3959153343062,128.40829656466045,142.13204696179636,1.106875885470728
1373308.2706766918,2.891175306687772,392.76397874924055,72.78297302762124,482134.08872066543,128.21785005332558,145.94791586955643,1.138280791706123,393.19930737086304,72.57419937361517,482625.8401121035,1793.426160328306,128.49694504925418,142.53873636240425,1.1092772385193104
1368233.082706767,2.8804907004352986,392.6033457508953,72.47445859710037,482064.21004906704,128.30044359421632,146.42592492405126,1.141273723005678,393.0495984091655,72.26200270191953,482567.70776686707,1793.4565567001823,128.5855924827063,142.94598999014923,1.1116796775608768
1363157.894736842,2.869806094182825,392.4423803402267,72.16634112012372,481994.0334704849,128.38303538330325,146.90440649288976,1.1442664994972949,392.899625630168,71.95023729956289,482509.3275916243,1793.4871056220547,128.67423806326104,143.3538154523604,1.1140832664723637
1358082.7067669174,2.859121487930352,392.28107984522075,71.85861982064348,481923.55682207295,128.46562457338655,147.3833706489714,1.1472592075771835,392.74938682057507,71.63890226477356,482450.69778709486,1793.5178082794196,128.76288098829755,143.76222039815696,1.1164880693468064
1353007.5187969925,2.848436881677879,392.1194415631684,71.5512939205821,481852.77791733306,128.54821031501368,147.8628274899809,1.1502519337113741,392.59887974163064,71.32799669437004,482391.81653432234,1793.548665871355,128.8515204542667,144.1712125195363,1.1188941505017556
1347932.3308270676,2.8377522754254056,391.9574627602269,71.24436263984592,481781.6945457657,128.6307917564045,148.3427871400109,1.1532447644490607,392.4481021287605,71.01751968377887,482332.6819943833,1793.579679610733,128.94015565662696,144.58079955246967,1.1213015744877368
1342857.142857143,2.8270676691729326,391.79514067097097,70.93782519633886,481710.3044725116,128.71336804337398,148.82325975120565,1.156237786436099,392.29705169120575,70.7074703270542,482273.2923080894,1793.6108507244228,129.0287857897764,144.99098927802106,1.1237104060969116
1337781.954887218,2.816383062920459,391.63247249793795,70.63168080597477,481638.605437991,128.79593831925484,149.30425550538078,1.1592310864282898,392.1457261116531,70.3978477168935,482213.64559568727,1793.6421804535187,129.1174100469872,145.40178952345616,1.1261207103716138
1332706.7669172932,2.8056984566679857,391.469455411162,70.32592868269012,481566.59515753033,128.87850172481674,149.78578461568813,1.1622247513050152,391.9941230458538,70.08865094465621,482153.7399565479,1793.6736700535507,129.20602762033494,145.813208163397,1.1285325526132681
1327631.5789473683,2.795013850415512,391.30608654770066,70.02056803845602,481494.27132098755,128.96105739818447,150.2678573282486,1.1652188680826068,391.84224012223876,69.77987910037946,482093.57346885494,1793.705320794715,129.29463770062912,146.22525312095752,1.1309459983911305
1322556.3909774437,2.784329244163039,391.14236301115227,69.71559808328921,481421.631592367,129.04360447475494,150.75048392381345,1.1682135239279143,391.6900749415245,69.47153127279448,482033.1441892842,1793.7371339621027,129.38323947734114,146.637932368912,1.1333611135512855
1317481.2030075188,2.7736446379105657,390.97828187116386,69.41101802526335,481348.67360942916,129.12614208711145,151.2336747194211,1.1712088061718393,391.537625076312,69.16360654934186,481972.4501526793,1793.769110855934,129.47183213853165,147.05125393086385,1.135777964225629
1312406.015037594,2.7629600316580922,390.81384016292805,69.10682707051991,481275.3949832887,129.20866936493562,151.71744007008735,1.1742048023231182,391.3848880706757,68.85610401618814,481911.489371717,1793.8012527917913,129.56041487077343,147.46522588245685,1.1381966168412019
1307330.8270676692,2.7522754254056196,390.64903488667346,68.80302442327789,481201.7932980114,129.29118543491896,152.2017903704656,1.1772016000818486,391.2318614397491,68.54902275823862,481850.25983657193,1793.8335611008708,129.64898685907824,147.87985635256112,1.1406171381292698
1302255.6390977444,2.741590819153146,390.48386300714185,68.49960928584329,481127.86611019785,129.37368942067167,152.68673605654905,1.18019928735334,391.0785426692969,68.24236185915306,481788.7595145704,1793.8660371302235,129.73754728681644,148.29515352450719,1.1430395951348198
1297180.4511278195,2.7309062129006727,390.3183214530567,68.19658085861883,481053.6109485613,129.45618044262892,153.17228760737174,1.1831979522619478,390.92492921528265,67.93612040135875,481726.98634983925,1793.8986822430097,129.82609533563888,148.71112563732237,1.1454640552260322
1292105.2631578948,2.7202216066481997,390.1524071165815,67.89393834011204,480979.025313498,129.53865761795657,153.6584555467157,1.1861976831649337,390.771018503426,67.63029746606404,481664.93826294807,1793.9314978187585,129.91463018539542,149.1277809869839,1.1478905861038917
1287030.07518797,2.709537000395726,389.98611685276614,67.5916809269438,480904.1066766477,129.62112006045325,154.1452504448406,1.189198568666508,390.6168079287512,67.32489213327105,481602.6131505439,1793.9644852536308,130.00315101405215,149.5451279276935,1.1503192558119537
1281954.887218045,2.6988523941432527,389.81944747898353,67.28980781385592,480828.85248044616,129.70356688045155,154.63268292022113,1.1922006976319077,390.4622948551275,67.01990348178809,481540.0088849789,1793.9976459606828,130.09165699760726,149.96317487316745,1.1527501327462197
1276879.6992481202,2.6881677878907793,389.6523957743546,66.98831819371834,480753.2601376701,129.7859971847168,155.1207636412927,1.1952041592015388,390.3074766148002,66.71533058924108,481477.12331393163,1794.030981370145,130.18014731000545,150.38193029794076,1.1551832856651147
1271804.5112781955,2.6774831816383062,389.48495847916104,66.6872112575361,480677.3270309702,129.86841007634294,155.60950332822733,1.1982090428053485,390.1523505079107,66.41117253208571,481413.9542600188,1794.064492929698,130.26862112304886,150.8014027387024,1.1576187836997116
1266729.3233082707,2.6667985753858328,389.3171322942484,66.38648619445485,480601.05051239923,129.95080465464824,156.09891275470022,1.2012154381771016,389.9969138020102,66.10742838561681,481350.49952040263,1794.0981821047594,130.3570776063097,151.22160079562943,1.1600566963639096
1261654.1353383458,2.6561139691333597,389.14891388041474,66.08614219176718,480524.42790292704,130.03318001506622,156.5890027496947,1.2042234353689698,389.8411637315603,65.80409722398008,481286.7568663872,1794.1320503787742,130.44551592703723,151.6425331337602,1.1624970935649424
1256578.9473684211,2.6454293628808867,388.9802998577883,65.78617843491759,480447.4564919475,130.1155352490361,157.0797841993136,1.207233124766147,389.6850974974253,65.5011781201809,481222.7240430086,1794.1660992535092,130.53393525006564,152.06420848437944,1.1649400456139467
1251503.7593984962,2.6347447566284132,388.811286805192,65.48659410750727,480370.13353677496,130.1978694438897,157.5712680486137,1.2102445971016513,389.5287122663524,65.19867014609468,481158.39876861544,1794.2003302493526,130.62233473771795,152.48663564643,1.167385623236748
1246428.5714285714,2.6240601503759398,388.6418712594966,65.18738839129784,480292.4562621329,130.28018168273798,158.0634653034412,1.2132579434711097,389.3720051704455,64.89657237247401,481093.7787344444,1794.2347449056344,130.71071354971127,152.90982348792755,1.1698338975846354
1241353.3834586467,2.6133755441234667,388.4720497149575,64.88856046621534,480214.42185962864,130.3624710443525,158.5563870323132,1.2162732553479172,389.2149733066227,64.59488386895843,481028.8616041823,1794.2693447809283,130.79907084305606,153.33378094742662,1.172284940245559
1236278.1954887218,2.6026909378709933,388.3018186225418,64.59010951035287,480136.0274872207,130.4447366030469,159.05004436829486,1.219290624598339,389.0576137360674,64.29360370408097,480963.6450135235,1794.304131453383,130.887405771957,153.75851703548307,1.1747388232552645
1231203.007518797,2.59200633161852,388.1311743892379,64.29203469997361,480057.2702686726,130.52697742855378,159.54444851091733,1.2223101434969394,388.8999234836639,63.992730945276335,480898.1265697155,1794.3391065210421,130.97571748770858,154.18404083616102,1.1771956191087896
1226127.819548872,2.5813217253660463,387.96011337735365,63.994335209512336,479978.1472929982,130.60919258590056,160.0396107280993,1.2253319047420235,388.74189953742496,63.69226465888691,480832.30385109724,1794.3742716021875,131.06400513859174,154.6103615085467,1.1796554007719833
1221052.6315789474,2.5706371191135737,387.78863190379866,63.69701021157679,479898.65561389405,130.69138113528234,160.53554235810174,1.2283560014713355,388.58353884790665,63.39220391016873,480766.1744066272,1794.4096283356791,131.15226786976658,155.03748828829623,1.182118241693293
1215977.4436090225,2.5599525128611003,387.6167262393511,63.400058876949025,479818.79224916,130.773542131931,161.03225481150653,1.2313825272779488,388.42483832760786,63.09254776329771,480699.7357554012,1794.4451783812988,131.24050482316287,155.46543048921063,1.1845842158157582
1210902.2556390977,2.549267906608627,387.4443926079115,63.10348037458487,479738.554180109,130.85567462598354,161.52975957321294,1.2344115762262753,388.26579485036234,62.79329528137414,480632.9853861614,1794.4809234201166,131.3287151373691,155.8941975048306,1.1870533975891422
1205827.067669173,2.5385833003561538,387.271627185738,62.807273871614136,479657.9383509643,130.9377776623461,162.02806820446085,1.237443242868291,388.1064052507145,62.4944455264271,480565.92075679504,1794.5168651548502,131.41689794751946,156.32379881005932,1.1895258619822717
1200751.8796992481,2.5278986941036803,387.09842610066715,62.51143853333971,479576.9416682423,131.019850280555,162.52719234489172,1.2404776222600584,387.94666632328193,62.195997559418885,480498.53929382074,1794.553005310236,131.5050523851768,156.75424396282386,1.1920016844956836
1195676.6917293232,2.517214087851207,386.9247854313189,62.21597352323562,479495.56100012583,131.10189151463638,163.02714371461678,1.243514809978285,387.7865748047188,61.89795044660828,480430.83839186735,1794.5893455847965,131.59317756836464,157.18554260574754,1.1944809412637467
1190601.5037593986,2.506529481598734,386.75070120628254,61.92087800294535,479413.793175822,131.1839003929611,163.52793411632754,1.2465549021372284,387.62612744321194,61.60030323384147,480362.8154131396,1794.6258878474257,131.68127264122737,157.61770446786366,1.1969637087067155
1185526.3157894737,2.4958448753462603,386.57616940328745,61.62615113227884,479331.6349849064,131.26587593809765,164.02957543743491,1.2495979954058125,387.4653208917169,61.30305498550743,480294.46768687264,1794.6626338410733,131.76933671370415,158.05073936635887,1.1994500640900732
1180451.1278195488,2.485160269093787,386.4011859483547,61.33179206920931,479249.08317665494,131.34781716666134,164.53207965223103,1.2526441870249254,387.30415177849,61.00620475833481,480225.7925087761,1794.699585382394,131.85736890185842,158.48465720834218,1.2019400851711404
1175375.9398496242,2.4744756628413143,386.2257467149316,61.037799969868985,479166.1344593611,131.42972308916103,165.03545882408363,1.2556935748249634,387.1426166884827,60.70975160799145,480156.78714046633,1794.7367443120838,131.9453683175743,158.919467992645,1.204433850304982
1170300.7518796993,2.463791056588841,386.0498475230061,60.744173988544944,479082.78549963614,131.51159270984098,165.5397251076783,1.2587462572437615,386.9807121626044,60.41369458909024,480087.44880888396,1794.7741124952643,132.03333406841756,159.35518181166893,1.2069314384585155
1165225.5639097744,2.4531064503363673,385.8734841382035,60.45091327767348,478999.0329216985,131.59342502652126,166.0448907512692,1.2618023333445771,386.8184346969849,60.11803275518882,480017.77470570273,1794.8116918219146,132.1212652575019,159.79180885324666,1.2094329292246435
1160150.3759398495,2.442421844083894,385.6966522708625,60.158016987834316,478914.87330664566,131.67521903043325,166.5509680989776,1.264861902834456,386.6557807422213,59.82276515878813,479947.76198672416,1794.849484207319,132.2091609833538,160.22935940254413,1.2119384028366862
1155075.1879699249,2.431737237831421,385.51934757509156,59.865484267744094,478830.30319170875,131.75697370605224,167.05796959313398,1.2679250660829362,386.4927467026042,59.52789085133227,479877.4077712569,1794.8874915925119,132.29702033977085,160.66784384401294,1.214447940183225
1150000.0,2.4210526315789473,385.3415656478047,59.57331426424888,478745.31906949455,131.83868803092588,167.56590777663837,1.2709919241409002,386.32932893533297,59.233408883205435,479806.7091414867,1794.9257159447473,132.38484241568165,161.10727266335505,1.2169616228229998
1144924.8120300751,2.410368025326474,385.163302027735,59.281506122316685,478659.9173872077,131.9203609754993,168.07479529537622,1.2740625787598598,386.1655237497087,58.9393183037299,479735.6631418288,1794.964159257965,132.47262629499903,161.54765644954557,1.2194795330002766
1139849.6240601505,2.399683419074001,384.9845521944284,58.99005898502828,478574.09454585897,132.00199150293648,168.5846449006553,1.2771371324114076,386.00132740631346,58.64561816116216,479664.26677826984,1795.0028235532827,132.5603710564729,161.9890058968765,1.2220017536603496
1134774.4360902256,2.3889988128215274,384.8053115672117,58.69897199356838,478487.84689945146,132.0835785689366,169.0954694517126,1.280215688307225,385.83673611616643,58.35230750268981,479592.51701769046,1795.0417108794818,132.6480757735372,162.43133180706562,1.2245283684655612
1129699.2481203007,2.378314206569054,384.6255755041418,58.40824428721533,478401.17075415526,132.1651211215475,169.60728191822264,1.2832983504191016,385.6717460398663,58.059385374426334,479520.41078717884,1795.0808233135187,132.73573951415594,162.8746450913717,1.2270594618113497
1124624.060150376,2.3676296003165813,384.4453393009279,58.11787500333043,478314.0623674578,132.2466181009745,170.12009538288655,1.2863852234995865,385.50635328671115,57.766850821406194,479447.9449733238,1795.1201629610391,132.82336134066458,163.31895677278376,1.2295951188428689
1119548.8721804512,2.356944994064108,384.2645981898314,57.82786327734619,478226.51794729906,132.32806843938516,170.63392304404147,1.2894764131028096,385.34055391379974,57.474702887578765,479375.11642149556,1795.1597319569125,132.91094030960835,163.76427798823175,1.2321354254717658
1114473.6842105263,2.3462603878116344,384.0833473385396,57.538208242754436,478138.5336511857,132.4094710607087,171.14877821832852,1.2925720256057676,385.17434392511177,57.182940615802075,479301.92193510866,1795.1995324657662,132.99847547157668,164.21061999085396,1.2346804683933965
1109398.4962406014,2.335575781559161,383.90158184901514,57.248909031093085,478050.1055852857,132.49082488043192,171.66467434340294,1.2956721682299432,385.0077192705683,56.89156304783524,479228.35827486863,1795.2395666825441,133.08596587103443,164.65799415230563,1.2372303351043472
1104323.3082706768,2.324891175306688,383.71929675631816,56.9599647719324,477961.2298035029,132.5721288053899,172.18162498069344,1.2987769490633176,384.84067584507,56.6005692243307,479154.4221580024,1795.2798368330753,133.17341054614906,165.10641196511176,1.239785113920296
1099248.1203007519,2.3142065690542144,383.53648702740134,56.67137459286053,477871.90230652946,132.65338173355167,172.6996438182171,1.3018864770828278,384.67320948751274,56.30995818482573,479080.1102574699,1795.3203451746465,133.26080852861355,165.55588504507543,1.2423448939943023
1094172.932330827,2.303521962801741,383.3531475598793,56.383137619467576,477782.11904087925,132.7345825538025,173.2187446734316,1.3050008621771139,384.50531597978375,56.019728967732384,479005.41920115973,1795.3610939966077,133.34815884346705,166.00642513372338,1.2449097653353638
1089097.7443609023,2.292837356549268,383.1692731807653,56.09525297533046,477691.8758978938,132.81573014571774,173.7389414961723,1.308120215169965,384.3369910549923,55.72988060746137,478930.3455710627,1795.402085646507,133.43546051378735,166.45804410082613,1.247479818781955
1084022.5563909775,2.282152750296795,382.9848586451842,55.80771978199461,477601.1687127336,132.89682337933564,174.26024837159727,1.3112446478438047,384.1682303607215,55.44041214548551,478854.88590243214,1795.4433224322884,133.52271254168227,166.91075394693326,1.2500551461971545
1078947.3684210526,2.2714681440443214,382.79989863504966,55.520537158957154,477509.99326333683,132.97786111492104,174.782679523242,1.3143742729640744,383.9990295098166,55.15132261420383,478779.0366829181,1795.4848067659677,133.6099139354664,167.36456680600529,1.2526358402329514
1073872.180451128,2.2607835377918484,382.61438775771455,55.23370422364764,477418.3452693619,133.05884220272597,175.30624931608725,1.3175092043037164,383.8293840456159,54.862611047415086,478702.79435168725,1795.5265410714271,133.6970636916831,167.8194949480646,1.2552219945164298
1068796.992481203,2.250098931539375,382.4283205445878,54.94722009140855,477326.2203910999,133.1397654827432,175.83097225971918,1.3206495566683971,383.6592894490534,54.5742764777357,478626.1552985185,1795.5685278077906,133.78416079925373,168.27555078192736,1.2578137036298997
1063721.8045112782,2.2394143252869014,382.2416914497184,54.66108387547469,477233.6142283639,133.22062978445487,176.3568630115374,1.3237954459221148,383.4887411375041,54.28631793658585,478549.1158628788,1795.6107694701127,133.87120423927053,168.73274685798364,1.2604110631320267
1058646.6165413533,2.228729719034428,382.0544948483463,54.37529468695203,477140.5223193522,133.30143392657385,176.88393638002742,1.3269469890133367,383.31773446359944,53.99873445417509,478471.6723329776,1795.6532685900747,133.95819298478438,169.1910958710381,1.2630141695794272
1053571.4285714286,2.218045112781955,381.8667250354184,54.08985163479503,477046.94013948384,133.38217671678012,177.41220732810442,1.3301043040016987,383.1462647140163,53.71152505948654,478393.82094479795,1795.6960277367064,134.04512600058814,169.65061066321596,1.265623120548759
1048496.2406015038,2.2073605065294815,381.6783762240687,53.80475382578366,476952.8631002058,133.46285695144968,177.94169097652863,1.3332675100852907,382.9743271082351,53.42468878026106,478315.5578811043,1795.739049517117,134.13200224299376,170.11130422693662,1.2682380146593406
1043421.0526315789,2.196675900277008,381.48944254406206,53.52000036449896,476858.2865477739,133.54347341537752,178.47240260737829,1.3364367276284068,382.80191679726977,53.13822464297994,478236.8792704284,1795.7823365772485,134.2188206596051,170.57318970794094,1.2708589515961763
1038345.8646616542,2.1859912940245354,381.29991804020085,53.23559035329774,476763.20576200355,133.62402488149377,179.00435766760228,1.3396120781899412,382.6290288623667,52.85213167284676,478157.7811860297,1795.825891602652,134.30558018908525,171.03628040839328,1.273486032133556
1033270.6766917293,2.175306687772062,381.1097966706908,52.95152289228656,476667.6159549873,133.70451011057196,179.53757177266095,1.3427936845524928,382.4556583136698,52.56640889376901,478078.2596448292,1795.8697173192725,134.39227976091695,171.50058979006332,1.276119358159277
1028195.4887218045,2.1646220815195885,380.91907230546997,52.66779707929426,476571.51226978697,133.78492785093096,180.0720607102169,1.3459816707518886,382.28180008885647,52.28105532833806,477998.31060632045,1795.9138164942638,134.47891829515893,171.96613147755892,1.27875903269925
1023120.3007518798,2.1539374752671154,380.72773872449284,52.384412009843786,476474.8897790888,133.86527683812918,180.6078404439309,1.349176162107543,382.10744905173726,51.99606999780878,477917.92997145164,1795.9581919368168,134.56549470219485,172.43291926164997,1.2814051599428147
1018045.1127819549,2.143252869014642,380.53578961597555,52.10136677712249,476377.74348382844,133.94555579465117,181.14492711732532,1.3523772852533786,381.93259999082215,51.71145192207782,477837.11358148116,1796.0028464990125,134.65200788247682,172.90096710266158,1.284057845268584
1012969.92481203,2.1325682627621685,380.3432185745951,51.818660471952136,476280.0683117814,134.02576342958557,181.6833370577368,1.3555851681694733,381.75724761785114,51.42720011966132,477755.8572168052,1796.047783076696,134.73845672626237,173.37028913394457,1.2867171952708905
1007894.7368421052,2.121883656509695,380.15001909964496,51.536292182756796,476181.85911611805,134.10589843829604,182.223086780358,1.358799940214422,381.5813865662881,51.14331360767151,477674.1565957559,1796.0930046103733,134.8248401133445,173.84089966543027,1.2893833177868839
1002819.5488721805,2.111199050257222,379.956184593143,51.25426099553063,476083.11067392345,134.18595950208237,182.76419299236673,1.3620217321584267,381.40501138977675,50.859791401792265,477592.0073733693,1796.1385140861235,134.9111569127758,174.31281318726795,1.2920563219242611
997744.3609022556,2.1005144440047485,379.7617083578941,50.97256599380343,475983.81768468034,134.26594528783448,183.30667259714605,1.365250676217114,381.2281165605582,50.57663251625379,477509.405140124,1796.1843145365503,134.9974059825844,174.78604437354235,1.29473631808963
992669.1729323308,2.0898298377522755,379.5665835955009,50.69120625860586,475883.9747687127,134.34585444767615,183.85054269860765,1.3684869060862028,381.05069646784864,50.29383596380604,477426.3454206463,1796.2304090417451,135.0835861694843,175.2606080860881,1.2974234180176056
987593.9849624061,2.0791452314998025,379.37080340432556,50.41018086843324,475783.57646559185,134.42568561859954,184.3958206056045,1.3717305569769096,380.87274541617387,50.01140075569183,477342.82367238356,1796.2768007302743,135.16969630857605,175.73651937838892,1.3001177348005852
982518.7969924812,2.068460625247329,379.17436077739944,50.12948889920742,475682.61723250034,134.50543742209157,184.94252383645383,1.374981765652236,380.6942576236644,49.72932590161768,477258.83528424404,1796.3234927802039,135.25573522304225,176.2137934995723,1.302819382919242
977443.6090225563,2.0577760189948555,378.97724860027745,49.8491294242387,475581.0914425555,134.5851084637483,185.49067012355908,1.3782406704640926,380.51522722030415,49.44761040972475,477174.3755752016,1796.3704884201413,135.34170172383332,176.6924458985013,1.30552847827379
972368.4210526317,2.0470914127423825,378.77945964883884,49.56910151418511,475478.99338308873,134.6646973328807,186.04027741814545,1.3815074113913337,380.33564824613427,49.16625328655832,477089.43979286443,1796.417790930304,135.42759460934536,177.17249222796724,1.308245138216028
967293.2330827068,2.036406806489909,378.58098658702966,49.28940423701111,475376.317253882,134.74420260210943,186.5913638951009,1.3847821300786696,380.155514649413,48.88525353703528,477004.02311200806,1796.4654036436261,135.51341266509118,177.65394834897947,1.3109694815821273
962218.0451127819,2.0257222002374355,378.3818219645467,49.010036657944596,475273.0571653575,134.82362282694908,187.14394795793677,1.3880649698765528,379.9748202847233,48.604610164412094,476918.1206330693,1796.5133299468846,135.59915466335985,178.136830335165,1.3137016287262977
957142.857142857,2.015037593984962,378.1819582144593,48.73099783943311,475169.2071367194,134.90295654537982,187.6980482438729,1.3913560758820984,379.793558911034,48.324322170250134,476831.7273806002,1796.5615732818599,135.68481936286992,178.62115447728365,1.316441701555327
952067.6691729324,2.004352987732489,377.9813876507714,48.452286841097425,475064.7610940497,134.9822022774096,188.25368362902896,1.3946555949808708,379.61172418970915,48.04438855438048,476744.8383016843,1796.610137146529,135.770405508412,179.10693728783755,1.3191898235638733
946992.4812030075,1.9936683814800158,377.78010246591515,48.17390271968482,474959.7128683506,135.06135852462313,188.81087323376465,1.3979636758898912,379.42930968246355,47.76480831486758,476657.44826430763,1796.6590250962865,135.85591183048155,179.59419550582004,1.32194611987084
941917.2932330826,1.9829837752275423,377.57809472817974,47.89584452902047,474854.05619353766,135.14042376971804,189.36963642813137,1.401280469201584,379.246308849265,47.48558044797133,476569.5520556897,1796.708240745205,135.94133704490247,180.08294610156346,1.324710717256523
936842.105263158,1.9722991689750695,377.3753563790714,47.61811131995696,474747.7847043777,135.2193964760296,189.9299928374731,1.4046061274289303,379.0627150461802,47.20670394810791,476481.14438056754,1796.7577877673227,136.02667985244068,180.57320628172636,1.3274837442008358
931766.9172932331,1.961614562722596,377.1718792306013,47.34070214032246,474640.8919343734,135.29827508704156,190.49196234815565,1.4079408050517,378.8785215231619,46.92817780780953,476392.2198594364,1796.807669897976,136.11193893840584,181.0649934943947,1.3302653309224497
926691.7293233082,1.9509299564701226,376.9676549625002,47.06361603486753,474533.3713135889,135.377058025883,191.05556511345102,1.4112846585639551,378.6937214217773,46.65000101768259,476302.7730267404,1796.8578909351572,136.19711297224367,181.55832543432746,1.3330556094190351
921616.5413533836,1.9402453502176495,376.762675119357,46.78685204520977,474425.2161664185,135.45574369481187,191.62082155956057,1.414637846522708,378.5083077728735,46.37217256636455,476212.7983290166,1796.9084547409232,136.282200607116,182.05322004832755,1.3358547135085048
916541.3533834587,1.929560743965176,376.5569311076795,46.5104092097771,474316.41970929294,135.53433047468332,192.1877523918007,1.4180005295979219,378.3222734941793,46.09469144047946,476122.2901229867,1796.9593652428287,136.36720047946912,182.54969554076104,1.3386627788714116
911466.1654135338,1.9188761377127028,376.35041419287285,46.234286563749066,474206.97504832473,135.6128167244035,192.75637860093894,1.4213728706237576,378.13561138784235,45.81755662459179,476031.24267359823,1797.0106264354176,136.45211120859116,183.04777037921417,1.3414799430944186
906390.9774436089,1.9081915314602294,376.1431154961357,45.958483138996634,474096.87517688714,135.69120078036713,193.32672146970188,1.4247550346512514,377.9483141378963,45.54076710115899,475939.65015201055,1797.062242381739,136.5369313961555,183.54746330030517,1.344306345714998
901315.7894736843,1.8975069252077563,375.93502599126856,45.682997964019684,473986.1129731271,135.76948095587989,193.89880257944804,1.4281471890023507,377.76037430765774,45.264321850482666,475847.50663352566,1797.1142172149162,136.62165962575202,184.0487933156495,1.347142128267324
896240.6015037594,1.8868223189552829,375.7261365013934,45.40783006388307,473874.68119740864,135.84765554056287,194.47264381701785,1.4315495033254373,377.57178433705246,44.98821985065746,475754.8060954616,1797.1665551397641,136.70629446240568,184.55177971798264,1.349987434329401
891165.4135338345,1.8761377127028094,375.51643769558035,45.132978460150376,473762.5724896851,135.92572279974115,195.04826738176322,1.4349621496523295,377.38253653986305,44.71246007751945,475661.54241496616,1797.2192604344375,136.7908344520794,185.05644208744982,1.3528424095715188
886090.2255639099,1.8654531064503366,375.3059200853795,44.85844217081583,473649.7793667972,136.00368097381343,195.62569579276544,1.4383853024568638,377.19262310090187,44.4370415045918,475567.7093667695,1797.2723374521481,136.87527812116477,185.5628002980636,1.3557072018060095
881015.037593985,1.854768500197863,375.0945740212524,44.584220210234086,473536.29421969445,136.08152827760372,196.20495189624822,1.4418191387150934,377.00203607310107,44.16196310302939,475473.300620872,1797.3257906229157,136.9596239759565,186.07087452434348,1.3585819610384484
875939.8496240601,1.8440838939453896,374.8823896889028,44.31031158904794,473422.1093105781,136.15926289969383,196.78605887318795,1.4452638379671374,376.8107673745219,43.88722384156147,475378.3097401682,1797.3796244553753,137.04387050211224,186.58068524812944,1.3614668395202227
870864.6616541354,1.8333992876929168,374.66935710549996,44.03671531411382,473307.21676996123,136.23688300173583,197.3690402471358,1.448719582380794,376.61880878527404,43.61282268643273,475282.7301780006,1797.4338435386405,137.12801616409556,187.09225326559306,1.3643619918026622
865789.4736842106,1.8227146814404434,374.4554661157946,43.7634303884249,473191.6085936465,136.3143867177444,197.95391989224407,1.4521865568168666,376.42615194435115,43.3387586013419,475186.55527564546,1797.4884525442185,137.21205940460447,187.60559969443094,1.3672675747925942
860714.2857142857,1.8120300751879699,374.24070638811804,43.49045581103228,473075.27663961257,136.39177215336713,198.54072204153195,1.4556649488964832,376.2327883463686,43.06503054737944,475089.77825972287,1797.5434562279838,137.29599864398054,188.12074598127728,1.3701837478096457
855639.0977443608,1.8013454689354964,374.0250674102679,43.21779057696331,472958.2126248144,136.4690373851337,199.12947129535883,1.459154949070162,376.0387093382104,42.7916374829624,474992.39223953465,1797.5988594322116,137.37983227960194,188.6377139093047,1.3731106726450233
850563.9097744361,1.7906608626830234,373.8085384852693,42.94543367713777,472840.4081218861,136.5461804596817,199.72019263015397,1.4626567506890156,375.8439061155739,42.51857836376783,474894.3902043214,1797.6546670876703,137.46355868525774,189.15652560605764,1.376048513622132
845488.7218045113,1.7799762564305501,373.59110872701126,42.673384098281424,472721.854555748,136.62319939295872,200.31291140738279,1.466170550077943,375.6483697194143,42.24585214266383,474795.7650204405,1797.7108842157802,137.54717621050295,189.67720355149947,1.3789974376588905
840413.5338345864,1.7692916501780767,373.3727670557529,42.401640822837,472602.54320011416,136.70009216940034,200.90765338276603,1.4696965466109484,375.4520910322823,41.97345776963858,474696.5094284597,1797.767515930836,137.63068317999463,190.1997705862933,1.3819576143318881
835338.3458646617,1.7586070439256036,373.15350219349364,42.13020282887259,472482.465173893,136.77685674108164,201.50444471577276,1.473234942788752,375.2550607745512,41.7013941917274,474596.61604016356,1797.8245674423003,137.71407789280667,190.72424992032572,1.3849292159424753
830263.1578947369,1.7479224376731302,372.93330265920486,41.859069089986924,472361.6114374837,136.85349102684398,202.1033119793701,1.4767859443185654,375.0572695005318,41.42966035293714,474496.0773354721,1797.8820440571628,137.7973586217241,191.2506651414676,1.3879124175847335
825187.969924812,1.7372378314206567,372.7121567639151,41.588238575212294,472239.97278895637,136.92999291139262,202.70428217007466,1.4803497601963989,374.8587075944681,41.15825519416862,474394.88565926335,1797.9399511823804,137.8805236125153,191.77904022460658,1.3909073972155916
820112.7819548873,1.7265532251681839,372.49005260564456,41.31771024891436,472117.5398601205,137.00636024436673,203.30738271827946,1.4839266027917037,374.6593652664118,40.887177653136405,474293.03321810224,1797.9982943273897,137.96357108318165,192.30939954093117,1.3939143357269512
815037.5939849624,1.7158686189157104,372.26697806418497,41.04748307068866,471994.3031124692,137.08259083938012,203.9126414989016,1.4875166879346944,374.4592325479665,40.61642666428674,474190.5120768668,1798.05707910669,138.04649922318234,192.84176786750413,1.3969334170201104
809962.4060150376,1.705184012663237,372.042920795717,40.777555995254374,471870.2528330022,137.15868247303092,204.5200868423285,1.4911202350062136,374.25829928790756,40.346001158711815,474087.3141552736,1798.1163112425313,138.12930619263696,193.3761703971065,1.3999648280823298
804887.2180451127,1.6944994064107635,371.8178682272585,40.5079279723448,471745.37912991684,137.2346328838792,205.1297475457041,1.494737467030456,374.0565551476568,40.07590006406285,473983.43122429244,1798.175996567659,138.21199012150004,193.91263274839292,1.4030087590658908
799812.030075188,1.6838148001582907,371.59180755094076,40.23859794659432,471619.6719281673,137.31043977139214,205.7416528845421,1.4983686107704626,373.853989596623,39.806122304459144,473878.8549024527,1798.2361410281724,138.29454910871132,194.4511809763382,1.406065403369463
794736.8421052631,1.6731301939058172,371.3647257181017,39.96956485742217,471493.12096488115,137.3861007948543,206.355832624706,1.5020138968267083,373.65059190738987,39.53666680039552,473773.5766520298,1798.2967506864534,138.37698122131647,194.99184158302197,1.4091349577221748
789661.6541353383,1.6624455876533437,371.13660943319275,39.70082763891256,471365.71578463615,137.46161357224256,206.97231703473216,1.5056735597386135,373.44635115075675,39.26753246864583,473667.58777511644,1798.3578317242138,138.45928449356163,195.5346415287202,1.4122176222701235
784586.4661654136,1.6517609814008707,370.907445147491,39.43238521969098,471237.44573458255,137.53697567906414,207.59113689855084,1.5093478380894072,373.2412561906157,38.99871822216461,473560.8794095644,1798.4193904456183,138.54145692595577,196.07960824335896,1.4153136006657903
779511.2781954887,1.6410763751483974,370.6772190526058,39.16423652279737,471108.2999594108,137.6121846471546,208.21232352859516,1.5130369746142995,373.03529567866735,38.730222969984794,473453.44252479856,1798.4814332805263,138.6234964843038,196.62676963831973,1.4184231001602503
774436.0902255639,1.630391768895924,370.4459170737805,38.89638046555433,470978.26739616104,137.68723796343838,208.83590877929947,1.5167412163119576,372.82845804896704,38.46204561711259,473345.2679174984,1798.54396678784,138.7054010987077,197.17615411859805,1.4215463316982189
769360.9022556392,1.619707162643451,370.21352486296894,38.62881595943263,470847.3367688578,137.76213306864443,209.46192506105353,1.5204608145598497,372.62073151228776,38.19418506441955,473236.34620713507,1798.606997658953,138.78716866253254,197.72779059537342,1.4246835100163888
764285.7142857143,1.6090225563909775,369.9800277916904,38.36154190991112,470715.4965829753,137.83686735598133,210.09040535456953,1.5241960252331055,372.41210405030574,37.9266402085305,473126.6678313668,1798.6705327213294,138.86879703133982,198.2817084989544,1.4278348537447638
759210.5263157894,1.598337950138504,369.7454109436441,38.094557216333726,470582.73511971923,137.91143816976492,210.72138322571706,1.527947108827371,372.2025634095884,37.65940994170864,473016.2230412819,1798.7345789421913,138.95028402178338,198.83793779214807,1.4310005855114052
754135.3383458646,1.5876533438860307,369.50965910708146,37.82786077176084,470449.04043012037,137.98584280400064,211.35489284082647,1.5317143305856493,371.9920970953872,37.39249315173665,472905.00189648534,1798.7991434323426,139.03162741046842,199.39650898405245,1.4341809320505647
749060.1503759399,1.5769687376335577,369.27275676691875,37.56145146281696,470314.40032893006,138.06007850091532,211.99096898249664,1.5354979606294454,371.78069236521856,37.125888721794546,472792.99426002015,1798.8642334501137,139.11282493277034,199.9574531443069,1.4373761243144996
743984.962406015,1.5662841313810842,369.03468809658716,37.29532816953301,470178.8023883131,138.13414244943917,212.62964706590603,1.539298274094214,371.5683362222335,36.859595530333145,472680.1897931208,1798.9298564054527,139.193874281614,200.5208019177971,1.4405863975889326
738909.7744360901,1.5555995251286108,368.79543694960415,37.02948976518409,470042.2339313275,138.20803178363386,213.27096315566035,1.543115551269396,371.3550154083582,36.59361245094417,472566.5779497886,1798.9960198641463,139.27477310620947,201.08658753984759,1.4438119916124443
733834.5864661655,1.544914918876138,368.5549868508572,36.763935116121914,469904.68202518346,138.28174358106543,213.9149539831918,1.546950077743181,371.1407163972045,36.327938352225786,472452.14797118446,1799.0627315521986,139.35551901074396,201.65484285191135,1.4470531506998605
728759.3984962406,1.5342303126236645,368.3133209875872,36.49866308160197,469766.13347427105,138.35527486111965,214.5616569647426,1.5508021445522662,370.9254253867341,36.06257209764405,472336.8888798277,1799.1299993603632,139.4361095530279,202.2256013177921,1.4503101238699234
723684.2105263157,1.523545706371191,368.0704222000585,36.23367251360548,469626.57481294795,138.4286225832562,215.2111102199468,1.5546720483367569,370.70912829167014,35.797512545390205,472220.78947359696,1799.1978313488275,139.51654224309155,202.7988970404032,1.4535831649773072
718609.0225563911,1.512861100118718,367.82627297190527,35.96896225665514,469485.9922980791,138.5017836452019,215.86335259103114,1.5585600915003759,370.4918107356455,35.532758548232906,472103.8383195233,1799.2662357520774,139.59681454173358,203.37476477909283,1.4568725328491814
713533.8345864662,1.5021764938662445,367.58085542013475,35.70453114762576,469344.37190131337,138.5747548810757,216.51842366267874,1.5624665823763786,370.2734580430725,35.26830895336647,471986.02374736575,1799.3352209839197,139.67692385901435,203.95323996756335,1.4601784914265978
708458.6466165413,1.4914918876137713,367.3341512847803,35.440378015547935,469201.6993010912,138.64753305944797,217.1763637825617,1.5663918353992126,370.05405523072955,35.00416260225353,471867.3338429617,1799.4047956427066,139.75686755269768,204.5343587324012,1.4635013099107852
703383.4586466164,1.4808072813612978,367.0861419181824,35.176501681406215,469057.9598743674,138.72011488132634,217.83721408258776,1.5703361712823356,369.8335869990457,34.740318330462976,471747.7564413417,1799.4749685167346,139.83664292663332,205.11815791224956,1.4668412629146628
698308.2706766918,1.4701226751088248,366.83680827388594,34.912900957930084,468913.1386880407,138.79249697806816,218.50101650087703,1.5742999172023278,369.6120377230734,34.47677496750271,471627.2791195993,1799.5457485898494,139.9162472290805,205.7046750776446,1.4701986306197217
693233.0827067669,1.4594380688563513,366.58613089513483,34.64957464937854,468767.22049007326,138.86467590921424,219.16781380451704,1.5782834069897134,369.3893914431353,34.213531336646945,471505.88918950345,1799.6171450472552,139.99567765096927,206.2939485515537,1.473573698938593
688157.894736842,1.4487534626038778,366.3340899029477,34.38652155131749,468620.1897002912,138.93664816024167,219.83764961310786,1.5822869813266227,369.1656318551326,33.95058625475755,471383.57368984545,1799.6891672815432,140.0749313240973,206.88601743063035,1.4769667596834255
683082.7067669174,1.438068856351405,366.0806649837558,34.12374045038973,468472.0304008489,139.00841014023152,220.5105684231488,1.5863109879517219,368.9407423004951,33.68793853210003,471260.3193785061,1799.761824898945,140.1540053192577,207.4809216072306,1.4803781107404566
678007.5187969925,1.4273842500989316,365.82583537658184,33.8612301240774,468322.7263263423,139.07995817944717,221.1866156333003,1.5903557818727228,368.71470575576444,33.42558697215301,471136.11272423103,1799.8351277258225,140.23289664429652,208.0787017922207,1.4838080562509979
672932.3308270676,1.416699643846458,365.56957985974304,33.59898934045659,468172.26085355866,139.15128852681994,221.86583757054768,1.5944217255867192,368.48750482178605,33.16353037141169,471010.9398981033,1799.9090858154073,140.31160224209606,208.67939953860173,1.4872569067990735
667857.142857143,1.4060150375939853,365.3118767370527,33.33701685794368,468020.6169908418,139.22239734733716,222.5482815173246,1.5985091893088361,368.2591217124992,32.90176751918462,470884.78676469653,1799.9837094547934,140.3901189884797,209.28305726600257,1.4907249796061228
662781.9548872181,1.3953304313415118,365.05270382350045,33.07531142503308,467867.77736705967,139.29328071932827,223.23399573962442,1.602618551209474,368.0295382433021,32.64029719738363,470757.63887289667,1800.0590091722065,140.46844369003614,209.88971828606716,1.494212598732987
657706.7669172932,1.3846458250890383,364.79203843038607,32.81387178002617,467713.72422015417,139.36393463164436,223.9230295161479,1.6067501976605598,367.79873581897596,32.37911818030679,470629.48144637694,1800.134995744558,140.54657308185824,210.49942682877807,1.4977200952895333
652631.5789473683,1.3739612188365649,364.5298573498818,32.552696650751,467558.43938525405,139.43435498072594,224.6154331685378,1.610904523491262,367.5666954211442,32.11822923441399,470500.29937370855,1800.211680205286,140.6245038251923,211.11222806976596,1.5012478076523252
647556.3909774437,1.3632766125840918,364.26613683899643,32.291784754272406,467401.90428233077,139.50453756755329,225.31125809274698,1.6150819322535863,367.33339759524887,31.85762911809478,470370.0771980917,1800.289073852518,140.70223250499458,211.72816815864283,1.5047960816906512
642481.2030075188,1.3525920063316186,364.0008526029139,32.0311347965919,467244.0999033771,139.57447809447493,226.01055679158824,1.6192828364982788,367.0988224370202,31.597316581428224,470238.7991066896,1800.3671882575554,140.77975562738968,212.3472942484053,1.5083652710013062
637406.0150375939,1.341907400079145,363.7339797776742,31.770745472337673,467085.0067990834,139.64417216190589,226.71338290853328,1.623507658061647,366.8629495784121,31.337290365934823,470106.4489195439,1800.4460352736928,140.8570696170255,212.96965452596814,1.511955737152623
632330.8270676692,1.331222793826672,363.4654929121708,31.510615464443077,466924.6050649926,139.71361526489304,227.4197912627939,1.6277568283635955,366.62575817298654,31.077549204319194,469973.0100780577,1800.5256270454117,140.93417081432239,213.5952982438578,1.5155678499380028
627255.6390977444,1.3205381875741986,363.1953659494242,31.25074344381436,466762.87432710297,139.78280278953704,228.12983788577952,1.6320307887177048,366.38722688071005,30.818091820204288,469838.4656330176,1800.6059760179312,141.01105547260755,214.22427575315265,1.5192019876396665
622180.4511278195,1.3098535813217251,362.92357220710244,30.99112806898644,466599.79372689617,139.8517300092665,228.84358005896874,1.6363299906537137,366.1473338521418,30.55891692785608,469702.79823213926,1800.6870949471647,141.08771975513196,214.856638537699,1.522858537302881
617105.2631578948,1.2991689750692523,362.65008435725076,30.731767985766258,466435.341905763,139.92039208095625,229.56107635327015,1.64065489625307,365.90605671198057,30.300023231898383,469565.9901071106,1800.7689969100836,141.1641597319626,215.4924392496795,1.5265378950212911
612030.07518797,1.2884843688167789,362.3748744051877,30.472661826863625,466269.49698879395,139.98878404088106,230.28238666995372,1.6450059784982785,365.6633725419376,30.041409427017772,469428.02306010714,1800.8516953155201,141.2403713767438,216.1317317465987,1.5302404662339075
606954.8872180451,1.2777997625643054,362.097913667532,30.213808211508475,466102.2365679066,140.05690080049757,231.0075722832148,1.6493837216366145,365.41925786290744,29.783074197657456,469288.878449756,1800.9352039154282,141.3163505633224,216.7745711297475,1.5339666660342537
601879.6992481202,1.267115156311832,361.81917274931243,29.955205745054265,465933.5376842766,140.12473714204535,231.7366958844559,1.653788621558968,365.173688616394,29.525016217700607,469148.5371765197,1801.019536816614,141.392093062227,217.4210137842214,1.5377169194923361
596804.5112781955,1.256430550059359,361.5386215201155,29.696853018566905,465763.3768100337,140.19228771395652,232.46982162837955,1.6582211861946565,364.9266401451604,29.267234150141757,469006.9796674693,1801.104708492984,141.46759453699664,218.0711174205778,1.541491661990109
591729.3233082707,1.2457459438068856,361.2562290892219,29.438748608398424,465591.7298291906,140.259547026066,233.2070151809692,1.6626819359229053,364.67808717306025,29.009726646746387,468864.18586041883,1801.190733798309,141.5428505403494,218.7249411182006,1.545291339571044
586654.1353383458,1.2350613375544122,360.9719637796819,29.180891075744697,465418.57201776275,140.32650944461062,233.94834376945795,1.6671714040019041,364.4280037840107,28.752492347697657,468720.1351873872,1801.2776279795626,141.61785651018346,219.38254537046384,1.5491164093045602
581578.9473684211,1.2243767313019391,360.6857931012709,28.923278966186682,465243.8780230384,140.3931691870058,234.6938762343858,1.6716901370163533,364.17636340006027,28.495529881230187,468574.80655735236,1801.3654066908357,141.69260776540085,220.04399213178544,1.5529673396660908
576503.7593984962,1.2136921250494659,360.397683722269,28.665910809214346,465067.6218419527,140.4595203163883,235.44368308385876,1.6762386953445123,363.9231387585043,28.238837863250147,468428.17833826126,1801.454086007872,141.76709950154475,220.70934486667176,1.5568446109336307
571428.5714285714,1.2030075187969924,360.107601440002,28.40878511773234,464889.7767985222,140.52555673591274,236.19783655011224,1.6808176536456978,363.66830188800157,27.98241489694079,468280.2283382568,1801.5436824432584,141.84132678624124,221.37866860084853,1.5607487156015696
566353.3834586467,1.1923229125445194,359.81551115007875,28.151900387546757,464710.3155202885,140.59127218278766,236.95641064850096,1.685427601369348,363.4118240836351,27.726259572352944,468130.933786082,1801.634212962302,141.91528455443347,222.05202997458485,1.5646801588127308
561278.1954887218,1.181638306292046,359.5213768142544,27.89525509683184,464529.209913719,140.65666022203789,237.71948123904363,1.690069143286811,363.15367588086326,27.47037046597981,467980.2713106151,1801.7256949996356,141.98896760339807,222.72949729833212,1.5686394588096277
556203.007518797,1.1709537000395724,359.2251614268416,27.638847705576335,464346.43113850465,140.72171423997628,238.48712609067326,1.6947429000472178,362.8938270282972,27.214746140315516,467828.2169194882,1801.8181464765805,142.06237058753018,223.41114061080648,1.5726271474060343
551127.8195488723,1.1602690937870996,358.926826979599,27.38267665500745,464161.9495807034,140.7864274373712,239.25942494829997,1.6994495087584665,362.6322464592474,26.959385143395927,467674.7459767449,1801.911585819324,142.135488012887,224.09703173961975,1.576643770479766
546052.6315789474,1.1495844875346262,358.6263344250018,27.126740366992372,463975.7348246555,140.85079282228983,240.03645960288395,1.7041896235950604,362.3689022619634,26.70428600832192,467519.83317947673,1802.0060319779463,142.20831423147237,224.78724436463142,1.5806898884881329
540977.4436090225,1.1388998812821527,358.3236436378145,26.871037243415632,463787.7556236136,140.91480320260092,240.8183139646376,1.70896391643396,362.103761648503,26.449447252763196,467363.45253339,1802.1015044463538,142.280843435252,225.4818540841323,1.5847660770070058
535902.2556390977,1.1282152750296792,358.01871337486256,26.61556566553147,463597.97986900574,140.97845117811613,241.60507413956873,1.7137730775203233,361.8367909221456,26.194867378442567,467205.57732723595,1802.1980232831625,142.35306964988044,226.18093848405104,1.5888729272951159
530827.067669173,1.1175306687772064,357.711501232906,26.360323993289654,463406.3745582621,141.04172913234973,242.3968285095202,1.718617816164616,361.5679554432729,25.94054487059925,467046.18010604527,1802.2956091335898,142.4249867281249,226.88457721032393,1.5930110468847996
525751.8796992481,1.106846062524733,357.40196360450415,26.105310564633562,463212.9057611203,141.10462922387433,243.19366781591444,1.7234988614729805,361.2972195936266,25.686478197430272,466885.23264309746,1802.3942832524117,142.49658834296736,227.59285204461727,1.597181060200798
520676.69172932324,1.0961614562722595,357.0900556317534,25.850523694769475,463017.53858432075,141.16714337724747,243.9956852474168,1.728416963112839,361.0245467388521,25.43266580950894,466722.70591055095,1802.4940675280584,142.56786798036728,228.30584698359363,1.6013836092087252
515601.5037593986,1.0854768500197864,356.7757311577774,25.595961675404958,462820.23713460204,141.22926327348543,244.80297653172826,1.7333728921156804,360.7498991892235,25.179106139179172,466558.5700486586,1802.594984507895,142.63881893166266,229.02364832191634,1.6056193540949053
510526.3157894737,1.074792243767313,356.4589426758357,25.341622773955105,462620.96447989566,141.2909803400559,245.61564003175096,1.738367441719272,360.47323815845095,24.925797599924174,466392.7943334855,1802.6970574247869,142.70943428559067,229.746344739208,1.609888973979385
505451.1278195488,1.0641076375148397,356.13964127590657,25.08750523271513,462419.6826086107,141.3522857403597,246.4337768463904,1.7434014282517347,360.1945237204459,24.67273858570891,466225.34714303777,1802.800310224996,142.77970691990095,230.47402739120614,1.614193167664236
500375.9398496242,1.0534230312623667,355.81777658859454,24.833607267997348,462216.3523868978,141.41317036267063,247.257490916256,1.7484756920599065,359.9137147639294,24.419927470294184,466056.19592171017,1802.9047675975144,142.84962949253966,231.2067900053492,1.6185326544191283
495300.7518796993,1.0427384250098932,355.49329672620183,24.579927069230177,462010.93351377227,141.47362480850174,248.0868891345398,1.7535910984846077,359.6307689447541,24.167362606520896,465885.3071429532,1803.010455004922,142.91919443237802,231.94472898104743,1.6229081748063707
490225.5639097744,1.0320538187574197,355.16614822078196,24.326462798018397,461803.38447395765,141.53363938035716,248.9220814634224,1.7587485388860085,359.34564263578875,23.915042325563814,465712.64627004287,1803.1173987158422,142.9883939294528,232.68794349495687,1.6273204915481447
485150.37593984953,1.0213692125049463,354.83627595899657,24.07321258716124,461593.6624883186,141.59320406883575,249.76318105629747,1.7639489317218553,359.05829087422705,23.662964936151994,465538.1777148461,1803.2256258391212,143.05721992469284,233.4365356115143,1.6317703904381637
480075.1879699249,1.0106846062524735,354.5036231135719,23.820174539626514,461381.72346172907,141.65230853904262,250.61030438619207,1.769193223682042,358.76866730615393,23.41112872375471,465361.864794452,1803.3351643598344,143.12566409909635,234.19061039908075,1.6362586813007447
475000.0,1.0,354.1681310711352,23.567346727478736,461167.5219282123,141.7109421162629,251.46357138077346,1.7744823908831753,358.47672412819355,23.159531949731043,465183.6696855333,1803.4460431772252,143.1937178623228,234.95027605204322,1.6407861990003085
